group,scenario,architecture,mix,cfg_packet_size,cfg_effort,cfg_packet_context_penalty,cfg_controller,cfg_target_drain_hours,runs,ideas,useful_mean,useful_lo,useful_hi,release_rate,intent,defects,completion,cost_useful,mean_lead,mean_active,peak_active,end_to_end
topology,reference,single_checker,6/3/3,2,1.0,2.5,full_pool,0.5,12,240,73.80075592145097,59.574065012989024,88.02744682991292,110.60468618397681,0.8667279411764706,0.5073529411764706,0.5666666666666667,5.372007955801087,5.662228434559613,,,0.0
topology,reference,elastic_pipeline,6/3/3,2,1.0,2.5,full_pool,0.5,12,240,189.99406612240477,165.54117546914927,214.44695677566028,324.8938535473197,0.8378787878787879,0.8727272727272727,0.6875,3.7986387532467463,2.192523524213775,,,0.0
topology,reference,institutions,6/3/3,2,1.0,2.5,full_pool,0.5,12,240,204.89058753110393,167.57752260528545,242.2036524569224,267.1553042560585,0.9600290697674418,0.8372093023255814,0.7166666666666667,3.5729686363636377,2.8188841065101298,,,0.0
topology,reference,evidence_graph,6/3/3,2,1.0,2.5,full_pool,0.5,12,240,236.21744095305738,208.3859349011195,264.0489470049952,321.26976684808454,0.9558423913043478,0.875,0.7666666666666667,3.1313961674418658,2.581945272832138,,,0.0
topology,reference,packet_graph,6/3/3,2,1.0,2.5,full_pool,0.5,12,240,220.91905928939892,183.19027934469977,258.64783923409806,291.78223088314775,0.9577814569536424,0.7615894039735099,0.6291666666666667,3.5266603889746464,2.387678144919991,,,0.0
topology,low_coupling,single_checker,6/3/3,2,1.0,2.5,full_pool,0.5,12,240,126.48698197919873,111.7812527988007,141.19271115959677,159.03900008427587,0.8816844919786097,0.44919786096256686,0.7791666666666667,2.884848403361334,5.787928355296249,,,0.0
topology,low_coupling,elastic_pipeline,6/3/3,2,1.0,2.5,full_pool,0.5,12,240,284.2279836295226,241.58665571389594,326.8693115451493,407.04243942039494,0.8058659217877095,0.5698324022346368,0.7458333333333333,2.5840085970149214,1.9768285229143872,,,0.0
topology,low_coupling,institutions,6/3/3,2,1.0,2.5,full_pool,0.5,12,240,320.55665257750104,291.09775403280935,350.01555112219273,386.8088434995363,0.949390243902439,0.7658536585365854,0.8541666666666666,2.341851999999996,2.4150257092431424,,,0.0
topology,low_coupling,evidence_graph,6/3/3,2,1.0,2.5,full_pool,0.5,12,240,345.5086550843144,317.3615346596829,373.6557755089459,411.49727336932625,0.9541666666666667,0.7523809523809524,0.875,2.2304707714083496,2.421481537898206,,,0.0
topology,low_coupling,packet_graph,6/3/3,2,1.0,2.5,full_pool,0.5,12,240,348.47715391752064,326.58505609034785,370.36925174469343,419.1267804767651,0.9530386740331491,0.7790055248618785,0.7541666666666667,2.594328882392032,1.9161293613149117,,,0.0
topology,high_coupling,single_checker,6/3/3,2,1.0,2.5,full_pool,0.5,12,240,13.311203223271233,7.329654437992068,19.292752008550398,36.697491248393355,0.8271276595744681,1.2553191489361701,0.19583333333333333,35.299847164179006,5.579047159485704,,,0.0
topology,high_coupling,elastic_pipeline,6/3/3,2,1.0,2.5,full_pool,0.5,12,240,44.391556254808656,33.32511915745943,55.45799335215788,142.93809025736945,0.7790697674418605,1.9069767441860466,0.35833333333333334,15.23467088372091,2.1544661376403407,,,0.0
topology,high_coupling,institutions,6/3/3,2,1.0,2.5,full_pool,0.5,12,240,19.411536312949252,9.015717995755546,29.80735463014296,43.74740499729478,0.9125,1.45,0.16666666666666666,35.36166377622385,3.301363240670239,,,0.0
topology,high_coupling,evidence_graph,6/3/3,2,1.0,2.5,full_pool,0.5,12,240,51.3163194486419,39.13603717471943,63.496601722564364,85.25698348381529,0.9404761904761905,1.1111111111111112,0.2625,12.486080000000024,3.3967778724941438,,,0.0
topology,high_coupling,packet_graph,6/3/3,2,1.0,2.5,full_pool,0.5,12,240,24.296201446929476,14.887989968809524,33.704412925049425,48.722047498968095,0.8666666666666667,0.7666666666666667,0.125,26.224465154098404,2.4671418572987127,,,0.0
topology,serial_chain,single_checker,6/3/3,2,1.0,2.5,full_pool,0.5,12,240,20.028168158980417,14.19891032516189,25.857425992798944,49.06592990739742,0.86328125,0.890625,0.26666666666666666,23.252109230769182,5.968190081571343,,,0.0
topology,serial_chain,elastic_pipeline,6/3/3,2,1.0,2.5,full_pool,0.5,12,240,52.407425762371496,43.380824083049845,61.434027441693146,154.30378387656307,0.8096846846846847,1.5675675675675675,0.4625,11.836265249169433,2.887513105372667,,,0.0
topology,serial_chain,institutions,6/3/3,2,1.0,2.5,full_pool,0.5,12,240,21.7451695860531,15.402374371183436,28.087964800922762,57.85784818145882,0.9265873015873016,1.2380952380952381,0.2625,29.142215449735524,4.152483752117294,,,0.0
topology,serial_chain,evidence_graph,6/3/3,2,1.0,2.5,full_pool,0.5,12,240,61.690263839633644,49.716016826774435,73.66451085249285,117.27232247003958,0.9619565217391305,0.9391304347826087,0.4791666666666667,8.601377463617476,4.357865607631868,,,0.0
topology,serial_chain,packet_graph,6/3/3,2,1.0,2.5,full_pool,0.5,12,240,55.13848168224567,36.5100446220446,73.76691874244673,111.6232415244317,0.9321428571428572,0.8142857142857143,0.2916666666666667,11.822340587813638,2.880666115099471,,,0.0
topology,correlated_errors,single_checker,6/3/3,2,1.0,2.5,full_pool,0.5,12,240,47.955243049312436,36.6936928333793,59.21679326524557,108.41982115132977,0.733739837398374,0.8861788617886179,0.5125,8.550674390804572,5.329537042037311,,,0.0
topology,correlated_errors,elastic_pipeline,6/3/3,2,1.0,2.5,full_pool,0.5,12,240,117.53453539818263,102.95451540227674,132.1145553940885,279.02725274491223,0.696969696969697,0.946969696969697,0.55,6.078182242152458,1.9490440482935698,,,0.0
topology,correlated_errors,institutions,6/3/3,2,1.0,2.5,full_pool,0.5,12,240,114.38410074818016,93.86476115517038,134.90344034118993,200.6235233852294,0.9045801526717557,1.1908396946564885,0.5458333333333333,6.367794437086098,2.8252160643644744,,,0.0
topology,correlated_errors,evidence_graph,6/3/3,2,1.0,2.5,full_pool,0.5,12,240,140.50439069052945,115.87715558632485,165.13162579473405,240.73698515870274,0.9264705882352942,1.3660130718954249,0.6375,5.125001398601409,2.9819204143831954,,,0.0
topology,correlated_errors,packet_graph,6/3/3,2,1.0,2.5,full_pool,0.5,12,240,86.87233868654438,74.85319038597542,98.89148698711334,161.425626636102,0.8710106382978723,1.3617021276595744,0.39166666666666666,8.393146232098783,2.4720867045395023,,,0.0
topology,no_family_blindspots,single_checker,6/3/3,2,1.0,2.5,full_pool,0.5,12,240,118.14556526762088,105.73153296842351,130.55959756681824,133.85950432174954,0.9746932515337423,0.4049079754601227,0.6791666666666667,3.3440683927019865,5.8908210335771205,,,0.0
topology,no_family_blindspots,elastic_pipeline,6/3/3,2,1.0,2.5,full_pool,0.5,12,240,251.87319740820593,228.31410664861681,275.43228816779504,377.8057630444227,0.8817934782608695,0.7119565217391305,0.7666666666666667,2.798390875763743,2.0642908128403614,,,0.0
topology,no_family_blindspots,institutions,6/3/3,2,1.0,2.5,full_pool,0.5,12,240,247.4984402855142,213.63835609505,281.3585244759784,296.0208306803708,0.9728915662650602,0.5662650602409639,0.6916666666666667,3.0180456732495484,2.3700328503513153,,,0.0
topology,no_family_blindspots,evidence_graph,6/3/3,2,1.0,2.5,full_pool,0.5,12,240,330.12848690341053,296.5801982494323,363.67677555738874,405.8376508486252,0.975,0.5767441860465117,0.8958333333333334,2.2140843521832516,2.3853951695821887,,,0.0
topology,no_family_blindspots,packet_graph,6/3/3,2,1.0,2.5,full_pool,0.5,12,240,309.22583257346423,272.9714001095031,345.48026503742534,378.2484461757547,0.9735054347826086,0.5760869565217391,0.7666666666666667,2.506992652683737,2.1025735128847116,,,0.0
topology,poor_reconstruction,single_checker,6/3/3,2,1.0,2.5,full_pool,0.5,12,240,73.37139723832229,61.19634780363421,85.54644667301037,109.9733911039999,0.8674812030075187,0.5789473684210527,0.5541666666666667,5.455063502824841,5.918655994226265,,,0.0
topology,poor_reconstruction,elastic_pipeline,6/3/3,2,1.0,2.5,full_pool,0.5,12,240,170.02506742761412,147.62292305942893,192.4272117957993,319.97645792759926,0.8245481927710844,0.9156626506024096,0.6916666666666667,4.205784146685465,2.3344201202239963,,,0.0
topology,poor_reconstruction,institutions,6/3/3,2,1.0,2.5,full_pool,0.5,12,240,172.43254640563796,149.69731707423628,195.16777573703965,238.94688222744574,0.9416118421052632,0.8486842105263158,0.6333333333333333,4.20935809307605,2.731731878764916,,,0.0
topology,poor_reconstruction,evidence_graph,6/3/3,2,1.0,2.5,full_pool,0.5,12,240,222.88540627846763,206.97932037003798,238.79149218689727,311.21928301950373,0.9576388888888889,0.9611111111111111,0.75,3.1714798067632888,2.637882401418557,,,0.0
topology,poor_reconstruction,packet_graph,6/3/3,2,1.0,2.5,full_pool,0.5,12,240,153.97937500767304,124.44366902192266,183.51508099342342,227.653493342946,0.9339430894308943,0.9186991869918699,0.5125,4.6923654208955305,2.3761580507851816,,,0.0
topology,shared_capacity,single_checker,6/3/3,2,1.0,2.5,full_pool,0.5,12,240,89.54546099710915,81.64433961304655,97.44658238117174,133.72109683225958,0.8698529411764706,0.48823529411764705,0.7083333333333334,4.234896509330392,6.2035723486131795,,,0.0
topology,shared_capacity,elastic_pipeline,6/3/3,2,1.0,2.5,full_pool,0.5,12,240,144.59130741066696,120.84631986080174,168.33629496053217,235.83078267047532,0.838855421686747,0.572289156626506,0.6916666666666667,3.7699417647058793,3.129619433787156,,,0.0
topology,shared_capacity,institutions,6/3/3,2,1.0,2.5,full_pool,0.5,12,240,155.1517130648293,127.39826855960126,182.90515757005733,204.60067358108677,0.9571220930232558,0.7732558139534884,0.7166666666666667,3.6025726275264702,3.7620486017078587,,,0.0
topology,shared_capacity,evidence_graph,6/3/3,2,1.0,2.5,full_pool,0.5,12,240,200.37692960685794,179.22727081689646,221.52658839681942,257.53631575709454,0.9673076923076923,0.676923076923077,0.8125,2.819203152709363,3.79922397672285,,,0.0
topology,shared_capacity,packet_graph,6/3/3,2,1.0,2.5,full_pool,0.5,12,240,172.0399804756843,152.49544354773084,191.58451740363776,232.8951267865509,0.946917808219178,0.7054794520547946,0.6083333333333333,3.8787319668202844,2.8119372488533863,,,0.0
topology,quota_capacity,single_checker,6/3/3,2,1.0,2.5,full_pool,0.5,12,240,25.678331743036463,20.561424894337332,30.795238591735593,36.28699048147546,0.8801470588235294,0.47058823529411764,0.7083333333333334,4.042684869927145,23.27432517629101,,,0.0
topology,quota_capacity,elastic_pipeline,6/3/3,2,1.0,2.5,full_pool,0.5,12,240,58.685412583536724,45.351198111493765,72.01962705557968,113.83403060982083,0.7904411764705882,0.788235294117647,0.7083333333333334,2.3350031818181822,4.358153775482741,,,0.0
topology,quota_capacity,institutions,6/3/3,2,1.0,2.5,full_pool,0.5,12,240,55.53506028254325,48.1545038591223,62.9156167059642,85.56026873911833,0.91953125,1.06875,0.6666666666666666,2.5432797111913406,7.454546733069641,,,0.0
topology,quota_capacity,evidence_graph,6/3/3,2,1.0,2.5,full_pool,0.5,12,240,62.94286472043558,56.07998589448654,69.80574354638462,96.22216139566235,0.9272598870056498,1.0564971751412429,0.7375,2.0961669039913744,6.749719477226998,,,0.0
topology,quota_capacity,packet_graph,6/3/3,2,1.0,2.5,full_pool,0.5,12,240,55.14917176464104,41.85770513793774,68.44063839134434,81.00959040810814,0.9342592592592592,0.9259259259259259,0.5625,3.0665469228687567,5.270634781185598,,,0.0
topology,hard_work,single_checker,6/3/3,2,1.0,2.5,full_pool,0.5,12,240,50.57188333258031,41.51447481843181,59.62929184672882,93.45833845482237,0.8097345132743363,0.9203539823008849,0.4708333333333333,8.013023803680955,5.757966008442605,,,0.0
topology,hard_work,elastic_pipeline,6/3/3,2,1.0,2.5,full_pool,0.5,12,240,146.19168460312233,121.68635546597018,170.69701374027449,384.87869836650344,0.6731366459627329,0.9813664596273292,0.6708333333333333,4.671107435387671,1.7708620101808679,,,0.0
topology,hard_work,institutions,6/3/3,2,1.0,2.5,full_pool,0.5,12,240,127.73515927416383,107.98887684521526,147.4814417031124,232.1850897436092,0.8705673758865248,1.2269503546099292,0.5875,5.726865874799356,2.6801168032230525,,,0.0
topology,hard_work,evidence_graph,6/3/3,2,1.0,2.5,full_pool,0.5,12,240,153.75923357923594,133.86716601075582,173.65130114771605,283.90287967785673,0.871875,1.3,0.6666666666666666,4.747817373737378,2.626784260462514,,,0.0
topology,hard_work,packet_graph,6/3/3,2,1.0,2.5,full_pool,0.5,12,240,116.6223472022012,95.7064247656374,137.538269638765,213.85044409403636,0.8670454545454546,1.209090909090909,0.4583333333333333,6.406460985892126,2.24236350105558,,,0.0
topology,equal_controls,elastic_pipeline,6/3/3,2,1.0,2.5,full_pool,0.5,12,240,223.842805755461,200.28726118471687,247.39835032620513,311.01701111927554,0.9546703296703297,0.9120879120879121,0.7583333333333333,3.4433355258126177,2.6324677374329726,,,0.0
topology,equal_controls,institutions,6/3/3,2,1.0,2.5,full_pool,0.5,12,240,204.89058753110393,167.57752260528545,242.2036524569224,267.1553042560585,0.9600290697674418,0.8372093023255814,0.7166666666666667,3.5729686363636377,2.8188841065101298,,,0.0
topology,equal_controls,evidence_graph,6/3/3,2,1.0,2.5,full_pool,0.5,12,240,235.4632982030637,208.26271621098306,262.6638801951443,331.17244596173833,0.9519736842105263,0.8421052631578947,0.7916666666666666,3.0401045925925967,2.5788952821520987,,,0.0
topology,equal_controls,packet_graph,6/3/3,2,1.0,2.5,full_pool,0.5,12,240,195.23465676048218,166.97853458896645,223.4907789319979,278.36541799137336,0.9419014084507042,0.852112676056338,0.5916666666666667,3.9372709213032646,2.343592950228761,,,0.0
topology,local_self_selection,single_checker,6/3/3,2,1.0,2.5,full_pool,0.5,12,240,88.1587296371401,67.97510649885709,108.34235277542311,128.40969405760174,0.8810606060606061,0.5454545454545454,0.6875,4.4150488300220605,6.182321256434576,,,0.0
topology,local_self_selection,elastic_pipeline,6/3/3,2,1.0,2.5,full_pool,0.5,12,240,194.82465650457593,171.09069808001124,218.55861492914062,332.87687356764405,0.8404088050314465,0.7358490566037735,0.6625,3.844301604278068,2.168362106308145,,,0.0
topology,local_self_selection,institutions,6/3/3,2,1.0,2.5,full_pool,0.5,12,240,214.04011686175355,182.79302823322064,245.28720549028645,268.8892927362729,0.9703125,0.7125,0.6666666666666666,3.6776483940886706,2.6711210293146794,,,0.0
topology,local_self_selection,evidence_graph,6/3/3,2,1.0,2.5,full_pool,0.5,12,240,268.8482657681502,224.60583736404874,313.0906941722517,341.9864510828224,0.9637096774193549,0.7311827956989247,0.775,2.8790081646655286,2.528077953459098,,,0.0
topology,local_self_selection,packet_graph,6/3/3,2,1.0,2.5,full_pool,0.5,12,240,194.11467661213422,166.0492983787004,222.18005484556804,256.6353868125429,0.9472222222222222,0.6518518518518519,0.5625,3.961853827737233,2.30460986321668,,,0.0
topology,role_specialization,single_checker,6/3/3,2,1.0,2.5,full_pool,0.5,12,240,82.34686473990826,72.10993607854907,92.58379340126744,119.5235080253873,0.8732394366197183,0.528169014084507,0.5916666666666667,4.826094135723415,5.784577809655951,,,0.0
topology,role_specialization,elastic_pipeline,6/3/3,2,1.0,2.5,full_pool,0.5,12,240,172.23007337587583,151.65691758628554,192.80322916546612,289.08501281356644,0.8145695364238411,0.6423841059602649,0.6291666666666667,4.173859806362373,2.264534840226254,,,0.0
topology,role_specialization,institutions,6/3/3,2,1.0,2.5,full_pool,0.5,12,240,196.77844425902913,167.63922221953922,225.91766629851904,264.2312488594159,0.9568181818181818,0.7515151515151515,0.6875,3.8401416446700525,2.778854647688902,,,0.0
topology,role_specialization,evidence_graph,6/3/3,2,1.0,2.5,full_pool,0.5,12,240,253.45351249459574,222.6365928786865,284.270432110505,339.18431717911375,0.9494818652849741,0.6994818652849741,0.8041666666666667,2.8606824263431583,2.565332845236065,,,0.0
topology,role_specialization,packet_graph,6/3/3,2,1.0,2.5,full_pool,0.5,12,240,213.30314128423913,174.9544819876819,251.65180058079636,273.9866485208267,0.9351851851851852,0.43703703703703706,0.5625,3.7605834488038345,2.332196795635714,,,0.0
scaling,unlimited,single_checker,2/1/0,2,1.0,2.5,full_pool,0.5,6,192,26.578943848759806,20.637776016085084,32.52011168143453,41.96951454511602,0.875,0.5688073394495413,0.5677083333333334,3.7025785507246356,4.428707552419524,,,0.0
scaling,unlimited,elastic_pipeline,2/1/0,2,1.0,2.5,full_pool,0.5,6,192,62.90892665896333,53.98810173777095,71.82975158015572,88.34732411990329,0.886443661971831,0.3591549295774648,0.7395833333333334,4.1773119605425615,2.5412411252285767,,,0.0
scaling,unlimited,institutions,2/1/0,2,1.0,2.5,full_pool,0.5,6,192,78.4544229552739,71.48536950959465,85.42347640095315,90.09329577365686,0.9855769230769231,0.391025641025641,0.8125,3.420606881324766,2.8977348245685155,,,0.0
scaling,unlimited,evidence_graph,2/1/0,2,1.0,2.5,full_pool,0.5,6,192,89.280356420437,82.88240614241292,95.67830669846109,104.90100925956592,0.9852941176470589,0.4235294117647059,0.8854166666666666,2.9304797925670036,2.80794436110385,,,0.0
scaling,unlimited,packet_graph,2/1/0,2,1.0,2.5,full_pool,0.5,6,192,77.21012052049339,63.60337676981211,90.81686427117467,94.8534098092233,0.9794776119402985,0.5149253731343284,0.6979166666666666,3.7869576567505736,2.504928227457007,,,0.0
scaling,constrained,single_checker,2/1/0,2,1.0,2.5,full_pool,0.5,6,192,26.578943848759806,20.637776016085084,32.52011168143453,41.96951454511602,0.875,0.5688073394495413,0.5677083333333334,3.7025785507246356,4.428707552419524,,,0.0
scaling,constrained,elastic_pipeline,2/1/0,2,1.0,2.5,full_pool,0.5,6,192,62.90892665896333,53.98810173777095,71.82975158015572,88.34732411990329,0.886443661971831,0.3591549295774648,0.7395833333333334,4.1773119605425615,2.5412411252285767,,,0.0
scaling,constrained,institutions,2/1/0,2,1.0,2.5,full_pool,0.5,6,192,78.4544229552739,71.48536950959465,85.42347640095315,90.09329577365686,0.9855769230769231,0.391025641025641,0.8125,3.420606881324766,2.8977348245685155,,,0.0
scaling,constrained,evidence_graph,2/1/0,2,1.0,2.5,full_pool,0.5,6,192,89.280356420437,82.88240614241292,95.67830669846109,104.90100925956592,0.9852941176470589,0.4235294117647059,0.8854166666666666,2.9304797925670036,2.80794436110385,,,0.0
scaling,constrained,packet_graph,2/1/0,2,1.0,2.5,full_pool,0.5,6,192,77.21012052049339,63.60337676981211,90.81686427117467,94.8534098092233,0.9794776119402985,0.5149253731343284,0.6979166666666666,3.7869576567505736,2.504928227457007,,,0.0
scaling,unlimited,single_checker,3/2/1,2,1.0,2.5,full_pool,0.5,6,192,71.81887818297263,56.62822648924964,87.00952987669561,110.85513122789477,0.8829545454545454,0.5,0.5729166666666666,4.709983999999984,3.2936775336012225,,,0.0
scaling,unlimited,elastic_pipeline,3/2/1,2,1.0,2.5,full_pool,0.5,6,192,97.6497566053324,75.54682273470928,119.75269047595552,162.43828645975378,0.8415354330708661,0.6929133858267716,0.6614583333333334,4.0826140293638,2.312067956437286,,,0.0
scaling,unlimited,institutions,3/2/1,2,1.0,2.5,full_pool,0.5,6,192,106.90001259816832,93.11554482567234,120.68448037066429,149.3035677680842,0.9619565217391305,0.8840579710144928,0.71875,3.8367716814159456,2.789501012001719,,,0.0
scaling,unlimited,evidence_graph,3/2/1,2,1.0,2.5,full_pool,0.5,6,192,140.4700318504674,124.70576155546813,156.23430214546667,185.5113207867984,0.9771241830065359,0.7908496732026143,0.796875,2.953527586206918,2.7711525266680996,,,0.0
scaling,unlimited,packet_graph,3/2/1,2,1.0,2.5,full_pool,0.5,6,192,125.58820091060402,98.16343723122236,153.01296458998567,160.83176790128024,0.9739130434782609,0.6695652173913044,0.5989583333333334,3.674226093165978,2.430044095691381,,,0.0
scaling,constrained,single_checker,3/2/1,2,1.0,2.5,full_pool,0.5,6,192,71.81887818297263,56.62822648924964,87.00952987669561,110.85513122789477,0.8829545454545454,0.5,0.5729166666666666,4.709983999999984,3.2936775336012225,,,0.0
scaling,constrained,elastic_pipeline,3/2/1,2,1.0,2.5,full_pool,0.5,6,192,97.6497566053324,75.54682273470928,119.75269047595552,162.43828645975378,0.8415354330708661,0.6929133858267716,0.6614583333333334,4.0826140293638,2.312067956437286,,,0.0
scaling,constrained,institutions,3/2/1,2,1.0,2.5,full_pool,0.5,6,192,106.90001259816832,93.11554482567234,120.68448037066429,149.3035677680842,0.9619565217391305,0.8840579710144928,0.71875,3.8367716814159456,2.789501012001719,,,0.0
scaling,constrained,evidence_graph,3/2/1,2,1.0,2.5,full_pool,0.5,6,192,140.4700318504674,124.70576155546813,156.23430214546667,185.5113207867984,0.9771241830065359,0.7908496732026143,0.796875,2.953527586206918,2.7711525266680996,,,0.0
scaling,constrained,packet_graph,3/2/1,2,1.0,2.5,full_pool,0.5,6,192,125.58820091060402,98.16343723122236,153.01296458998567,160.83176790128024,0.9739130434782609,0.6695652173913044,0.5989583333333334,3.674226093165978,2.430044095691381,,,0.0
scaling,unlimited,single_checker,4/2/3,2,1.0,2.5,full_pool,0.5,6,192,67.08513176896419,55.05513996548566,79.11512357244271,109.40513861563147,0.865979381443299,0.5567010309278351,0.5052083333333334,5.351631231732755,4.612345997224948,,,0.0
scaling,unlimited,elastic_pipeline,4/2/3,2,1.0,2.5,full_pool,0.5,6,192,143.21216546365383,105.24036881368284,181.18396211362483,276.3360226691389,0.7942307692307692,0.8846153846153846,0.6770833333333334,3.728489759704256,2.1769565262745068,,,0.0
scaling,unlimited,institutions,4/2/3,2,1.0,2.5,full_pool,0.5,6,192,144.68014648270642,115.01096793398963,174.3493250314232,209.96224744217554,0.950381679389313,1.0610687022900764,0.6822916666666666,3.7099133240612083,2.883754936141531,,,0.0
scaling,unlimited,evidence_graph,4/2/3,2,1.0,2.5,full_pool,0.5,6,192,175.4659517065662,147.4197842908005,203.51211912233188,260.13650331769855,0.9519867549668874,0.9205298013245033,0.7864583333333334,2.9943886134969464,2.738554636146498,,,0.0
scaling,unlimited,packet_graph,4/2/3,2,1.0,2.5,full_pool,0.5,6,192,153.53076348305777,119.8402745216431,187.22125244447244,227.49468193728356,0.9269911504424779,0.8938053097345132,0.5885416666666666,3.7256745862295215,2.3557791370346037,,,0.0
scaling,constrained,single_checker,4/2/3,2,1.0,2.5,full_pool,0.5,6,192,80.33143978357654,65.3137996029905,95.34907996416258,120.3433054893812,0.875,0.45132743362831856,0.5885416666666666,4.937036948590372,4.6629166168456315,,,0.0
scaling,constrained,elastic_pipeline,4/2/3,2,1.0,2.5,full_pool,0.5,6,192,149.10306154326994,128.61023307880853,169.59589000773136,237.45867780249122,0.8675,0.6133333333333333,0.78125,3.613849006622529,3.021804749996032,,,0.0
scaling,constrained,institutions,4/2/3,2,1.0,2.5,full_pool,0.5,6,192,154.9754214149946,130.5474593910532,179.403383438936,197.86740783442085,0.9634353741496599,0.7142857142857143,0.765625,3.636172187159977,3.3088669923752483,,,0.0
scaling,constrained,evidence_graph,4/2/3,2,1.0,2.5,full_pool,0.5,6,192,167.00757933765712,130.57643473240506,203.43872394290918,214.23079148382558,0.9677152317880795,0.6357615894039735,0.7864583333333334,3.233910798722065,3.3415464817280203,,,0.0
scaling,constrained,packet_graph,4/2/3,2,1.0,2.5,full_pool,0.5,6,192,172.56828022119802,128.78447011926892,216.35209032312713,226.06059573347542,0.9623983739837398,0.6747967479674797,0.640625,3.8168179302263727,2.5382697988793312,,,0.0
scaling,unlimited,single_checker,6/3/3,2,1.0,2.5,full_pool,0.5,6,192,81.6193828032279,74.52989225491636,88.70887335153942,124.89338434752767,0.8852459016393442,0.639344262295082,0.6354166666666666,5.018467145085802,6.22926913524066,,,0.0
scaling,unlimited,elastic_pipeline,6/3/3,2,1.0,2.5,full_pool,0.5,6,192,198.7029239939644,148.38774553519926,249.01810245272952,368.5729584390147,0.8194444444444444,0.8148148148148148,0.703125,3.902495506003436,2.189033756329802,,,0.0
scaling,unlimited,institutions,6/3/3,2,1.0,2.5,full_pool,0.5,6,192,196.30453777967355,168.6151309224916,223.9939446368555,276.0273800973792,0.948076923076923,0.7230769230769231,0.6770833333333334,3.7833352845528583,2.6230285335498302,,,0.0
scaling,unlimited,evidence_graph,6/3/3,2,1.0,2.5,full_pool,0.5,6,192,258.2512404325792,206.14234243198038,310.36013843317807,355.6879022772368,0.9578025477707006,0.7197452229299363,0.8177083333333334,3.00701646542263,2.8148055690582243,,,0.0
scaling,unlimited,packet_graph,6/3/3,2,1.0,2.5,full_pool,0.5,6,192,171.7715624549975,158.1619388147322,185.38118609526282,240.4018228505735,0.9544270833333334,0.7395833333333334,0.5,4.746277327567582,2.6177311566525074,,,0.0
scaling,constrained,single_checker,6/3/3,2,1.0,2.5,full_pool,0.5,6,192,80.3261159179894,59.23438075570088,101.41785108027791,122.51651747872332,0.8809523809523809,0.5714285714285714,0.65625,4.907814303030307,6.485037999350269,,,0.0
scaling,constrained,elastic_pipeline,6/3/3,2,1.0,2.5,full_pool,0.5,6,192,135.63035014820318,118.93778335613091,152.32291694027543,228.03296397321967,0.8519230769230769,0.7461538461538462,0.6770833333333334,4.12421281803544,3.4310987839254827,,,0.0
scaling,constrained,institutions,6/3/3,2,1.0,2.5,full_pool,0.5,6,192,165.08008845933148,131.14172997061414,199.01844694804882,219.74868761029495,0.9652777777777778,0.7638888888888888,0.75,3.5038771660859642,3.911114721384883,,,0.0
scaling,constrained,evidence_graph,6/3/3,2,1.0,2.5,full_pool,0.5,6,192,199.51836453823753,178.7029924232894,220.33373665318567,270.57558156827145,0.95546875,0.73125,0.8333333333333334,2.817841525423748,3.625711389943743,,,0.0
scaling,constrained,packet_graph,6/3/3,2,1.0,2.5,full_pool,0.5,6,192,189.201827425376,153.77979312424068,224.6238617265113,260.8655317228984,0.9625,0.8,0.625,3.781657452661879,2.94120772035447,,,0.0
scaling,unlimited,single_checker,10/5/5,2,1.0,2.5,full_pool,0.5,6,192,83.37582105028365,65.5725861214139,101.17905597915339,129.73462822289918,0.8830645161290323,0.5645161290322581,0.6458333333333334,5.169883830455257,9.731213565763927,,,0.0
scaling,unlimited,elastic_pipeline,10/5/5,2,1.0,2.5,full_pool,0.5,6,192,305.2337493077894,234.29430516854768,376.17319344703117,557.3791771415298,0.8348540145985401,0.9854014598540146,0.7135416666666666,3.898897095158605,2.338838866893482,,,0.0
scaling,unlimited,institutions,10/5/5,2,1.0,2.5,full_pool,0.5,6,192,313.9968134377734,263.80940679165406,364.1842200838928,452.17825025027383,0.9547101449275363,0.8913043478260869,0.71875,3.881645117493486,2.8363704508221335,,,0.0
scaling,unlimited,evidence_graph,10/5/5,2,1.0,2.5,full_pool,0.5,6,192,339.98466274978233,280.20164758716345,399.7676779124012,495.9974410745105,0.9538590604026845,0.912751677852349,0.7760416666666666,3.2412123529411936,2.6522718862238883,,,0.0
scaling,unlimited,packet_graph,10/5/5,2,1.0,2.5,full_pool,0.5,6,192,306.60648124541984,241.037438355324,372.1755241355157,437.3790291259599,0.95,0.8869565217391304,0.5989583333333334,4.056280687131794,2.445352508259554,,,0.0
scaling,constrained,single_checker,10/5/5,2,1.0,2.5,full_pool,0.5,6,192,86.82525186434252,72.62719467215696,101.02330905652808,124.58443106456726,0.8875968992248062,0.4883720930232558,0.671875,4.41871333333333,10.847929597753874,,,0.0
scaling,constrained,elastic_pipeline,10/5/5,2,1.0,2.5,full_pool,0.5,6,192,154.5761124028439,118.53498739850463,190.61723740718318,262.1535324956537,0.8444656488549618,0.7557251908396947,0.6822916666666666,3.742036645161305,5.135380413540795,,,0.0
scaling,constrained,institutions,10/5/5,2,1.0,2.5,full_pool,0.5,6,192,177.73958456699768,156.32619504479445,199.1529740892009,240.19059124337733,0.9540441176470589,0.7352941176470589,0.7083333333333334,3.3143666086956656,5.559860429637056,,,0.0
scaling,constrained,evidence_graph,10/5/5,2,1.0,2.5,full_pool,0.5,6,192,228.52974029803752,180.68662898427885,276.3728516117962,302.42528903842305,0.9645061728395061,0.7654320987654321,0.84375,2.643471803278708,5.931025456573431,,,0.0
scaling,constrained,packet_graph,10/5/5,2,1.0,2.5,full_pool,0.5,6,192,225.91902253161166,172.05574466470006,279.78230039852326,307.58946566096216,0.9523809523809523,0.7301587301587301,0.65625,3.3343700092016326,4.151716452482996,,,0.0
scaling,unlimited,single_checker,16/8/8,2,1.0,2.5,full_pool,0.5,6,192,82.72506833958282,65.82050561291453,99.62963106625111,116.58659214279585,0.8919491525423728,0.4067796610169492,0.6145833333333334,5.210129523809536,15.606544611541377,,,0.0
scaling,unlimited,elastic_pipeline,16/8/8,2,1.0,2.5,full_pool,0.5,6,192,366.32772325524667,295.52482760823517,437.13061890225816,640.4866235114164,0.853125,0.7666666666666667,0.625,4.531108196721319,2.344855712008469,,,0.0
scaling,unlimited,institutions,16/8/8,2,1.0,2.5,full_pool,0.5,6,192,420.3927522966979,365.79154627707277,474.993958316323,571.5154933613344,0.9507874015748031,0.7952755905511811,0.6614583333333334,4.095980560747679,2.762674880995254,,,0.0
scaling,unlimited,evidence_graph,16/8/8,2,1.0,2.5,full_pool,0.5,6,192,484.9621144197402,447.16222623856896,522.7620026009115,691.7046296719399,0.9683544303797469,0.9493670886075949,0.8229166666666666,3.1817616216216438,2.718997328389643,,,0.0
scaling,unlimited,packet_graph,16/8/8,2,1.0,2.5,full_pool,0.5,6,192,380.91930000552503,349.68912418060245,412.1494758304476,525.4082134989426,0.9513274336283186,0.7522123893805309,0.5885416666666666,4.046910104427492,2.414878735379967,,,0.0
scaling,constrained,single_checker,16/8/8,2,1.0,2.5,full_pool,0.5,6,192,80.68428495578979,72.91877892856641,88.44979098301317,119.89279058531855,0.8856589147286822,0.5813953488372093,0.671875,4.653682187050356,16.719627618205745,,,0.0
scaling,constrained,elastic_pipeline,16/8/8,2,1.0,2.5,full_pool,0.5,6,192,150.58720123434432,132.35807913243357,168.81632333625507,254.07348837458554,0.8482824427480916,0.732824427480916,0.6822916666666666,3.820967974276543,7.431669729506016,,,0.0
scaling,constrained,institutions,16/8/8,2,1.0,2.5,full_pool,0.5,6,192,202.51181530253538,167.6462505396109,237.37738006545987,260.1541585038421,0.9683333333333334,0.7666666666666667,0.78125,3.0125228265524737,8.646201180476211,,,0.0
scaling,constrained,evidence_graph,16/8/8,2,1.0,2.5,full_pool,0.5,6,192,224.48958496485554,191.31281318395742,257.66635674575366,301.90525369467565,0.9754746835443038,0.7911392405063291,0.8229166666666666,2.6366335181236864,8.234806619564685,,,0.0
scaling,constrained,packet_graph,16/8/8,2,1.0,2.5,full_pool,0.5,6,192,214.83016122262916,178.05067761574975,251.60964482950857,315.9941374757351,0.9552083333333333,0.8333333333333334,0.625,3.5673999535877954,5.83921141827599,,,0.0
mix_search,reference,institutions,0/0/12,2,1.0,2.5,full_pool,0.5,3,60,104.69900536308273,87.0590941163086,122.33891660985687,382.7850939431376,0.65625,1.4,0.6666666666666666,0.27910399999999946,1.8818162035172086,,,0.0
mix_search,reference,institutions,0/1/11,2,1.0,2.5,full_pool,0.5,3,60,94.72835558828467,-7.615921974291723,197.07263315086107,284.5873429559511,0.6458333333333334,1.0666666666666667,0.5,0.46425721518987023,1.4999596970781275,,,0.0
mix_search,reference,institutions,0/2/10,2,1.0,2.5,full_pool,0.5,3,60,102.8411604360211,18.873288991830805,186.8090318802114,321.5192457576712,0.6928571428571428,1.4285714285714286,0.5833333333333334,0.612133033707863,1.914592132343641,,,0.0
mix_search,reference,institutions,0/3/9,2,1.0,2.5,full_pool,0.5,3,60,107.72171290478913,14.842274119437974,200.60115169014028,282.9478967369488,0.7804054054054054,1.7567567567567568,0.6166666666666667,0.6971828571428575,2.2380074863261226,,,0.0
mix_search,reference,institutions,0/4/8,2,1.0,2.5,full_pool,0.5,3,60,98.0594736696313,7.735410333419281,188.38353700584332,202.3131551907178,0.7946428571428571,1.0357142857142858,0.4666666666666667,0.8285265454545475,2.118161877404984,,,0.0
mix_search,reference,institutions,0/5/7,2,1.0,2.5,full_pool,0.5,3,60,124.21451753296496,44.34002046224785,204.08901460368207,254.58921146784883,0.8576388888888888,1.6944444444444444,0.6,0.8938674285714335,2.5648312168211214,,,0.0
mix_search,reference,institutions,0/6/6,2,1.0,2.5,full_pool,0.5,3,60,130.33236367714954,45.225469404640194,215.4392579496589,276.8953500291302,0.83125,1.275,0.6666666666666666,0.8493890909090954,2.242758504774798,,,0.0
mix_search,reference,institutions,0/7/5,2,1.0,2.5,full_pool,0.5,3,60,150.76260180160105,93.36481775415284,208.16038584904925,275.5600197404503,0.875,1.0769230769230769,0.65,0.8971583625731057,2.3442425216970753,,,0.0
mix_search,reference,institutions,0/8/4,2,1.0,2.5,full_pool,0.5,3,60,188.73606161263183,87.604631467322,289.86749175794165,318.56303669792527,0.8511904761904762,0.9285714285714286,0.7,0.8013989949748803,2.203606255520962,,,0.0
mix_search,reference,institutions,0/9/3,2,1.0,2.5,full_pool,0.5,3,60,157.29180559812616,118.8525686334219,195.73104256283042,287.9978615506596,0.8653846153846154,1.0,0.65,1.0937207017543948,2.4255245103350553,,,0.0
mix_search,reference,institutions,0/10/2,2,1.0,2.5,full_pool,0.5,3,60,191.38272947198024,124.63974282634021,258.1257161176203,325.82844151372933,0.8589743589743589,0.7179487179487181,0.65,1.0056156521739197,1.9910924790408744,,,0.0
mix_search,reference,institutions,0/11/1,2,1.0,2.5,full_pool,0.5,3,60,176.8349427313675,26.202462639446367,327.46742282328864,280.01910615261994,0.9210526315789473,0.9473684210526315,0.6333333333333333,1.1950275000000066,2.348787232778098,,,0.0
mix_search,reference,institutions,0/12/0,2,1.0,2.5,full_pool,0.5,3,60,239.90345563047677,50.242491942119756,429.56441931883376,348.5663917469037,0.9138888888888889,0.9333333333333333,0.75,0.9423479674796795,2.155481679548801,,,0.0
mix_search,reference,institutions,1/0/11,2,1.0,2.5,full_pool,0.5,3,60,117.47387775475819,52.606575361261974,182.3411801482544,315.40139642760533,0.6973684210526315,1.131578947368421,0.6333333333333333,1.1330435398230119,1.7804421221024456,,,0.0
mix_search,reference,institutions,1/1/10,2,1.0,2.5,full_pool,0.5,3,60,94.14416469529,45.67060617675798,142.61772321382202,244.545122049477,0.7159090909090909,1.303030303030303,0.55,1.5761104000000048,2.1452051847524385,,,0.0
mix_search,reference,institutions,1/2/9,2,1.0,2.5,full_pool,0.5,3,60,94.45876714162348,43.183973877020364,145.73356040622662,236.36831102591927,0.7734375,1.3125,0.5333333333333333,1.7086584615384668,1.9972047088657747,,,0.0
mix_search,reference,institutions,1/3/8,2,1.0,2.5,full_pool,0.5,3,60,123.50169651170434,26.93708422826826,220.0663087951404,283.0369957203869,0.8157894736842105,1.368421052631579,0.6333333333333333,1.4401876691729374,2.3477057470725406,,,0.0
mix_search,reference,institutions,1/4/7,2,1.0,2.5,full_pool,0.5,3,60,140.84510420887958,92.87626664526798,188.81394177249118,249.99295818631117,0.8486842105263158,1.263157894736842,0.6333333333333333,1.301826432748542,2.4933708794395137,,,0.0
mix_search,reference,institutions,1/5/6,2,1.0,2.5,full_pool,0.5,3,60,118.38646806020073,49.79823641790584,186.97469970249563,249.92959524476055,0.84375,1.6666666666666667,0.6,1.7685858823529461,2.2550964818303942,,,0.0
mix_search,reference,institutions,1/6/5,2,1.0,2.5,full_pool,0.5,3,60,126.57227196382696,66.9538697480172,186.19067417963674,227.99236409968535,0.8598484848484849,1.0,0.55,1.8816054794520585,2.4304253017924644,,,0.0
mix_search,reference,institutions,1/7/4,2,1.0,2.5,full_pool,0.5,3,60,180.23329900930557,138.70656715380008,221.76003086481106,320.9492154163439,0.8837209302325582,1.2325581395348837,0.7166666666666667,1.4389492783505167,2.2251096809669666,,,0.0
mix_search,reference,institutions,1/8/3,2,1.0,2.5,full_pool,0.5,3,60,211.377950319212,185.62192491926422,237.1339757191598,314.994448596058,0.8948863636363636,0.6363636363636364,0.7333333333333333,1.24179525423729,2.4487488809837785,,,0.0
mix_search,reference,institutions,1/9/2,2,1.0,2.5,full_pool,0.5,3,60,233.52318058109253,130.69447035310344,336.3518908090816,377.6540847664673,0.905,1.04,0.8333333333333334,1.2621567741935495,2.4290479309175628,,,0.0
mix_search,reference,institutions,1/10/1,2,1.0,2.5,full_pool,0.5,3,60,240.48576802472294,204.0747283860101,276.89680766343577,347.64527789291725,0.9184782608695652,0.717391304347826,0.7666666666666667,1.2968080933852153,2.434144731738267,,,0.0
mix_search,reference,institutions,1/11/0,2,1.0,2.5,full_pool,0.5,3,60,202.1925713295467,91.24448828571254,313.14065437338087,288.77143486421113,0.9519230769230769,0.8461538461538461,0.65,1.6978484018264826,2.5423519508290213,,,0.0
mix_search,reference,institutions,2/0/10,2,1.0,2.5,full_pool,0.5,3,60,118.93026229566264,90.07203481007858,147.7884897812467,335.59017611476105,0.7261904761904762,1.4047619047619047,0.7,2.0115442016806773,1.9135022334197818,,,0.0
mix_search,reference,institutions,2/1/9,2,1.0,2.5,full_pool,0.5,3,60,143.14359866789187,80.70073906734865,205.58645826843508,331.74776067946476,0.7790697674418605,1.186046511627907,0.7166666666666667,1.8017674666666705,2.120293096059896,,,0.0
mix_search,reference,institutions,2/2/8,2,1.0,2.5,full_pool,0.5,3,60,134.21960005254977,83.35884115317751,185.08035895192202,281.4421073613688,0.871875,1.425,0.6666666666666666,2.0362483116883188,2.428749876145447,,,0.0
mix_search,reference,institutions,2/3/7,2,1.0,2.5,full_pool,0.5,3,60,84.44215231695934,55.711804762617376,113.1724998713013,218.04577133993868,0.8464285714285714,1.6857142857142857,0.5833333333333334,3.4272459259259342,2.788225713849399,,,0.0
mix_search,reference,institutions,2/4/6,2,1.0,2.5,full_pool,0.5,3,60,135.2035159955778,91.02032888859829,179.3867031025573,258.1985578901718,0.842948717948718,1.1282051282051282,0.65,2.1997131707317106,2.177270345497601,,,0.0
mix_search,reference,institutions,2/5/5,2,1.0,2.5,full_pool,0.5,3,60,161.30344819129692,91.11610367471198,231.49079270788187,254.55413748933833,0.8947368421052632,1.0263157894736843,0.6333333333333333,1.984285833333337,2.541705051025795,,,0.0
mix_search,reference,institutions,2/6/4,2,1.0,2.5,full_pool,0.5,3,60,163.81372199494413,110.99723740886088,216.63020658102738,273.0814005335042,0.9178571428571428,1.4,0.5833333333333334,2.121280958083835,2.401232860479637,,,0.0
mix_search,reference,institutions,2/7/3,2,1.0,2.5,full_pool,0.5,3,60,170.03406574069126,85.04641310360513,255.0217183777774,291.1345941609338,0.9107142857142857,1.0714285714285714,0.7,2.1352625380710673,2.4703663567109415,,,0.0
mix_search,reference,institutions,2/8/2,2,1.0,2.5,full_pool,0.5,3,60,212.0451105894574,194.24192193118571,229.8482992477291,316.2179271443696,0.9346590909090909,1.0227272727272727,0.7333333333333333,1.827520000000001,2.6162425416679254,,,0.0
mix_search,reference,institutions,2/9/1,2,1.0,2.5,full_pool,0.5,3,60,194.74448912005036,105.04150391899823,284.4474743211025,304.0810905777628,0.9204545454545454,0.9545454545454546,0.7333333333333333,2.0949663716814197,2.582820526533661,,,0.0
mix_search,reference,institutions,2/10/0,2,1.0,2.5,full_pool,0.5,3,60,236.9400514564835,195.1627379006899,278.71736501227707,339.8816549541106,0.9244791666666666,0.8333333333333334,0.8,1.6990674626865694,2.331706275140715,,,0.0
mix_search,reference,institutions,3/0/9,2,1.0,2.5,full_pool,0.5,3,60,134.44010058930027,51.23027527588073,217.64992590271981,279.89725244753623,0.8365384615384616,1.6923076923076923,0.65,2.6184885333333416,2.499491554326924,,,0.0
mix_search,reference,institutions,3/1/8,2,1.0,2.5,full_pool,0.5,3,60,125.29835220818393,72.95401420740252,177.64269020896535,277.44256397384606,0.840625,1.525,0.6666666666666666,2.837831232876718,2.4630190200171187,,,0.0
mix_search,reference,institutions,3/2/7,2,1.0,2.5,full_pool,0.5,3,60,149.5726607092467,96.3492778620475,202.79604355644588,292.42466042781604,0.8806818181818182,1.3636363636363635,0.7333333333333333,2.5667235754189965,2.64134373082919,,,0.0
mix_search,reference,institutions,3/3/6,2,1.0,2.5,full_pool,0.5,3,60,133.72163735207096,78.89890772926341,188.5443669748785,237.76393063119747,0.875,1.1538461538461537,0.65,2.7331136000000043,2.5013516094137267,,,0.0
mix_search,reference,institutions,3/4/5,2,1.0,2.5,full_pool,0.5,3,60,162.35222160215224,115.42498019424087,209.2794630100636,267.58956730967134,0.921875,1.325,0.6666666666666666,2.6650984455958575,2.7362579017356117,,,0.0
mix_search,reference,institutions,3/5/4,2,1.0,2.5,full_pool,0.5,3,60,134.62680877884063,36.05579435325838,233.1978232044229,232.04865028833981,0.8857142857142857,0.9714285714285714,0.5833333333333334,3.1716750617283975,2.3230048095513562,,,0.0
mix_search,reference,institutions,3/6/3,2,1.0,2.5,full_pool,0.5,3,60,199.2888072266505,113.78120437316319,284.79641008013783,273.17917280145315,0.91875,0.775,0.6666666666666666,2.2975815384615426,2.5465923459519306,,,0.0
mix_search,reference,institutions,3/7/2,2,1.0,2.5,full_pool,0.5,3,60,193.42773639261864,103.08906253704522,283.7664102481921,292.01731785490705,0.9302325581395349,0.9534883720930233,0.7166666666666667,2.3680076855895242,2.4071265574884375,,,0.0
mix_search,reference,institutions,3/8/1,2,1.0,2.5,full_pool,0.5,3,60,213.22884277402292,191.86299165567365,234.5946938923722,271.01488427460816,0.9425675675675675,0.4864864864864865,0.6166666666666667,2.374600515021463,2.3194483679568894,,,0.0
mix_search,reference,institutions,3/9/0,2,1.0,2.5,full_pool,0.5,3,60,235.8290932064792,183.86395105826787,287.7942353546905,313.74560753480716,0.9527777777777777,0.7555555555555555,0.75,2.2675866171003785,2.6149366238997134,,,0.0
mix_search,reference,institutions,4/0/8,2,1.0,2.5,full_pool,0.5,3,60,127.94395878503325,112.53575064048522,143.35216692958127,248.49661839326893,0.8492647058823529,1.411764705882353,0.5666666666666667,3.5054754285714274,2.281777536642869,,,0.0
mix_search,reference,institutions,4/1/7,2,1.0,2.5,full_pool,0.5,3,60,134.56459394935538,64.19451934819695,204.93466855051383,271.33520036032706,0.8345588235294118,1.2058823529411764,0.5666666666666667,3.6870459259259265,2.1638555518435902,,,0.0
mix_search,reference,institutions,4/2/6,2,1.0,2.5,full_pool,0.5,3,60,175.74876379145658,77.32256540826137,274.1749621746518,273.26498802738416,0.9244186046511628,1.4651162790697674,0.7166666666666667,2.7013965610859705,2.8892435789790274,,,0.0
mix_search,reference,institutions,4/3/5,2,1.0,2.5,full_pool,0.5,3,60,167.82595797287982,12.938688182861,322.71322776289867,259.6741196371199,0.9302325581395349,0.9767441860465116,0.7166666666666667,2.9067735746606305,2.8062947503630884,,,0.0
mix_search,reference,institutions,4/4/4,2,1.0,2.5,full_pool,0.5,3,60,186.62146592678096,144.6892281755726,228.55370367798932,309.7436961856908,0.9184782608695652,1.3043478260869565,0.7666666666666667,2.8416912217194565,2.5141341309457865,,,0.0
mix_search,reference,institutions,4/5/3,2,1.0,2.5,full_pool,0.5,3,60,208.06426301367728,138.95910160316794,277.1694244241866,303.54595047268685,0.936046511627907,0.8837209302325582,0.7166666666666667,2.69363848101266,2.5290329150999042,,,0.0
mix_search,reference,institutions,4/6/2,2,1.0,2.5,full_pool,0.5,3,60,224.0934699325982,156.4806596320825,291.7062802331139,329.06310281586053,0.949468085106383,0.8723404255319149,0.7833333333333333,2.5875237500000012,2.4417137992092965,,,0.0
mix_search,reference,institutions,4/7/1,2,1.0,2.5,full_pool,0.5,3,60,243.26085407988785,196.72602104507337,289.79568711470233,339.76439524369215,0.9414893617021277,0.7659574468085106,0.7833333333333333,2.4133567286245388,2.480007806350472,,,0.0
mix_search,reference,institutions,4/8/0,2,1.0,2.5,full_pool,0.5,3,60,237.73797785312433,152.9992914798937,322.47666422635496,291.4888355756912,0.9809782608695652,0.6739130434782609,0.7666666666666667,2.571305600000006,2.744776992457873,,,0.0
mix_search,reference,institutions,5/0/7,2,1.0,2.5,full_pool,0.5,3,60,110.66049754646913,52.2439246309784,169.07707046195986,212.73032636130293,0.8566176470588235,1.1176470588235294,0.5666666666666667,5.135435492957732,2.418457217562478,,,0.0
mix_search,reference,institutions,5/1/6,2,1.0,2.5,full_pool,0.5,3,60,158.70216511729697,142.35062104811533,175.0537091864786,279.22246337114353,0.903125,1.15,0.6666666666666666,3.720754285714277,2.512147848525145,,,0.0
mix_search,reference,institutions,5/2/5,2,1.0,2.5,full_pool,0.5,3,60,159.33233496455557,83.03478473736996,235.62988519174118,251.41552169670663,0.9512195121951219,1.4146341463414633,0.6833333333333333,3.71343153846153,2.855184666283282,,,0.0
mix_search,reference,institutions,5/3/4,2,1.0,2.5,full_pool,0.5,3,60,162.67598802511586,44.567471895496425,280.78450415473526,235.04879665494173,0.944078947368421,1.0263157894736843,0.6333333333333333,3.8759256872037895,2.672248234784965,,,0.0
mix_search,reference,institutions,5/4/3,2,1.0,2.5,full_pool,0.5,3,60,168.29751528455319,115.9818646016189,220.61316596748748,235.845347857432,0.9342105263157895,0.7631578947368421,0.6333333333333333,3.613381751152071,2.5398891919851074,,,0.0
mix_search,reference,institutions,5/5/2,2,1.0,2.5,full_pool,0.5,3,60,202.7809325702833,169.17432676054517,236.38753838002145,281.854421305535,0.965,0.98,0.8333333333333334,3.062252222222225,3.0532266457893207,,,0.0
mix_search,reference,institutions,5/6/1,2,1.0,2.5,full_pool,0.5,3,60,185.16603940758046,127.46076039090445,242.87131842425646,225.20626238369468,0.9464285714285714,0.4857142857142857,0.5833333333333334,3.730346434782612,2.7048795806100463,,,0.0
mix_search,reference,institutions,5/7/0,2,1.0,2.5,full_pool,0.5,3,60,270.4788989592569,83.48824339656858,457.46955452194527,329.3381874392974,0.9728260869565217,0.5434782608695652,0.7666666666666667,2.683033089701,2.4740750818614465,,,0.0
mix_search,reference,institutions,6/0/6,2,1.0,2.5,full_pool,0.5,3,60,143.50576514601894,71.87895369434578,215.1325765976921,245.98531416252794,0.9027777777777778,1.1944444444444444,0.6,4.665069473684196,2.5686497368951313,,,0.0
mix_search,reference,institutions,6/1/5,2,1.0,2.5,full_pool,0.5,3,60,158.62619212751164,98.15973449162462,219.09264976339867,236.1908243244186,0.936046511627907,1.0,0.7166666666666667,4.024042943722938,2.9633688305705195,,,0.0
mix_search,reference,institutions,6/2/4,2,1.0,2.5,full_pool,0.5,3,60,174.5970940129853,48.8923375885723,300.30185043739834,267.53815711192516,0.930921052631579,0.9473684210526315,0.6333333333333333,4.291692929292925,2.451664098225195,,,0.0
mix_search,reference,institutions,6/3/3,2,1.0,2.5,full_pool,0.5,3,60,215.81489745051206,149.38500465233196,282.2447902486922,312.9418846415556,0.9436274509803921,0.9803921568627451,0.85,3.3975045714285703,2.9108957575857124,,,0.0
mix_search,reference,institutions,6/4/2,2,1.0,2.5,full_pool,0.5,3,60,202.52599738724666,166.6192253026675,238.43276947182582,268.2284466328145,0.9613095238095238,0.9047619047619048,0.7,3.8885694488189007,2.7011217507088534,,,0.0
mix_search,reference,institutions,6/5/1,2,1.0,2.5,full_pool,0.5,3,60,221.39125170635762,180.13928659502582,262.64321681768945,317.158884769045,0.953125,0.6875,0.8,3.397105130111528,2.531643856667435,,,0.0
mix_search,reference,institutions,6/6/0,2,1.0,2.5,full_pool,0.5,3,60,276.1519304073269,240.05570946830215,312.2481513463517,355.898444387748,0.98,0.74,0.8333333333333334,2.9514728205128247,2.5971574582933825,,,0.0
mix_search,reference,institutions,7/0/5,2,1.0,2.5,full_pool,0.5,3,60,180.1546329242957,167.3737559538601,192.9355098947313,270.3841898858489,0.9375,0.9285714285714286,0.7,4.35969857142856,2.5345415105619673,,,0.0
mix_search,reference,institutions,7/1/4,2,1.0,2.5,full_pool,0.5,3,60,186.97995828084936,147.62422436825196,226.33569219344676,244.70058786708105,0.9835526315789473,0.9473684210526315,0.6333333333333333,4.623422337662334,3.044849707177805,,,0.0
mix_search,reference,institutions,7/2/3,2,1.0,2.5,full_pool,0.5,3,60,258.8490895607344,167.58389652385466,350.11428259761414,328.11520951526273,0.9803921568627451,0.9607843137254902,0.85,3.381158878504674,2.9267763281005625,,,0.0
mix_search,reference,institutions,7/3/2,2,1.0,2.5,full_pool,0.5,3,60,235.0655815925169,172.12100942850964,298.0101537565242,307.9520417594876,0.9791666666666666,0.75,0.8,3.4994840816326533,2.696414180356019,,,0.0
mix_search,reference,institutions,7/4/1,2,1.0,2.5,full_pool,0.5,3,60,254.9638156704652,198.45383299483674,311.4737983460937,307.814192996779,0.9926470588235294,0.6470588235294118,0.85,3.3478555752212427,2.7795511026346578,,,0.0
mix_search,reference,institutions,7/5/0,2,1.0,2.5,full_pool,0.5,3,60,272.64840491314607,133.75018605281602,411.5466237734761,344.1436995399533,0.9864130434782609,0.6304347826086957,0.7666666666666667,3.6370107586206917,2.5680261422546367,,,0.0
mix_search,reference,institutions,8/0/4,2,1.0,2.5,full_pool,0.5,3,60,204.0504038119653,49.74492045757174,358.3558871663589,290.57255255327397,0.9302325581395349,0.7906976744186046,0.7166666666666667,4.639944896265557,2.5892004517470473,,,0.0
mix_search,reference,institutions,8/1/3,2,1.0,2.5,full_pool,0.5,3,60,211.82446238126468,89.64641538752615,334.0025093750032,265.6487873930807,0.96875,0.7045454545454546,0.7333333333333333,4.494437142857146,2.9631806604706568,,,0.0
mix_search,reference,institutions,8/2/2,2,1.0,2.5,full_pool,0.5,3,60,179.11439745664106,106.77094537449453,251.45784953878757,229.48826636230456,0.9625,0.625,0.6666666666666666,5.09219662650603,2.8105713392214087,,,0.0
mix_search,reference,institutions,8/3/1,2,1.0,2.5,full_pool,0.5,3,60,270.586449020478,218.02545687879362,323.1474411621624,323.2305926763906,0.9825,0.52,0.8333333333333334,3.498595820895524,2.6529712485699033,,,0.0
mix_search,reference,institutions,8/4/0,2,1.0,2.5,full_pool,0.5,3,60,256.4048104860734,170.4474471599522,342.36217381219467,308.2233485114619,0.9775,0.48,0.8333333333333334,3.629052530120485,2.7189165971241027,,,0.0
mix_search,reference,institutions,9/0/3,2,1.0,2.5,full_pool,0.5,3,60,248.082600806978,58.543785440628,437.62141617332804,319.8908917701478,0.953125,0.5833333333333334,0.8,4.152524026845636,2.5880810301243287,,,0.0
mix_search,reference,institutions,9/1/2,2,1.0,2.5,full_pool,0.5,3,60,207.60083224083633,56.38713055368885,358.8145339279838,257.6222321498895,0.9777777777777777,0.5555555555555556,0.75,4.795647560137459,2.7089053851162173,,,0.0
mix_search,reference,institutions,9/2/1,2,1.0,2.5,full_pool,0.5,3,60,303.1917092987996,178.08656665574966,428.2968519418495,379.1078033852869,0.9861111111111112,0.6296296296296297,0.9,3.5430973410404603,2.5460046356733983,,,0.0
mix_search,reference,institutions,9/3/0,2,1.0,2.5,full_pool,0.5,3,60,322.1877842283423,210.58231373181778,433.79325472486687,380.0479928885531,0.9814814814814815,0.5370370370370371,0.9,3.4441704918032796,2.63113631137519,,,0.0
mix_search,reference,institutions,10/0/2,2,1.0,2.5,full_pool,0.5,3,60,243.72445110510435,159.76703296166744,327.68186924854126,285.3855221127149,0.9834905660377359,0.5471698113207547,0.8833333333333333,4.349396121883667,3.0603194447823605,,,0.0
mix_search,reference,institutions,10/1/1,2,1.0,2.5,full_pool,0.5,3,60,290.36896191371204,205.85718310798046,374.8807407194436,329.42962250451313,0.9875,0.4,0.8333333333333334,4.286022146892663,2.8017548452405925,,,0.0
mix_search,reference,institutions,10/2/0,2,1.0,2.5,full_pool,0.5,3,60,282.08601280629193,202.12617312538458,362.0458524871993,317.8333831236187,0.9901960784313726,0.49019607843137253,0.85,4.158117127071829,2.7614069664940355,,,0.0
mix_search,reference,institutions,11/0/1,2,1.0,2.5,full_pool,0.5,3,60,305.3144828469447,170.70523373541994,439.9237319584695,337.91000459103066,0.9905660377358491,0.39622641509433965,0.8833333333333333,4.026676553524811,2.674073775486983,,,0.0
mix_search,reference,institutions,11/1/0,2,1.0,2.5,full_pool,0.5,3,60,278.3627075549164,173.55809481666466,383.1673202931682,319.64463076301564,0.9813829787234043,0.23404255319148937,0.7833333333333333,4.619401590214078,2.523290374053919,,,0.0
mix_search,reference,institutions,12/0/0,2,1.0,2.5,full_pool,0.5,3,60,350.92219262228326,210.0951476256882,491.7492376188783,383.0607196299975,0.9954545454545455,0.38181818181818183,0.9166666666666666,3.9430384158415905,2.495502462733281,,,0.0
mix_search,reference,evidence_graph,0/0/12,2,1.0,2.5,full_pool,0.5,3,60,104.52504768435365,33.90291737758524,175.14717799112208,336.67986920211416,0.6357142857142857,1.0571428571428572,0.5833333333333334,0.2634409195402292,1.568827921201008,,,0.0
mix_search,reference,evidence_graph,0/1/11,2,1.0,2.5,full_pool,0.5,3,60,99.37474984727866,63.258332324682534,135.4911673698748,304.5667059843639,0.7142857142857143,1.5714285714285714,0.5833333333333334,0.43386434782608435,1.908156714066389,,,0.0
mix_search,reference,evidence_graph,0/2/10,2,1.0,2.5,full_pool,0.5,3,60,140.40411053170288,67.5094987869178,213.29872227648798,365.60189197919317,0.7339743589743589,1.3846153846153846,0.65,0.4368462809917339,1.9841031086254555,,,0.0
mix_search,reference,evidence_graph,0/3/9,2,1.0,2.5,full_pool,0.5,3,60,136.6835908232613,69.19181467355635,204.1753669729663,365.2356500051339,0.7616279069767442,1.2325581395348837,0.7166666666666667,0.556983384615385,2.107079812978228,,,0.0
mix_search,reference,evidence_graph,0/4/8,2,1.0,2.5,full_pool,0.5,3,60,118.02794900183638,75.84524016409156,160.2106578395812,277.60929161888373,0.821969696969697,1.5757575757575757,0.55,0.7519128571428585,1.9921350990161222,,,0.0
mix_search,reference,evidence_graph,0/5/7,2,1.0,2.5,full_pool,0.5,3,60,146.10455255423807,108.37253763110553,183.8365674773706,364.25815999336993,0.8039772727272727,1.3863636363636365,0.7333333333333333,0.6991569655172433,2.2330521464643494,,,0.0
mix_search,reference,evidence_graph,0/6/6,2,1.0,2.5,full_pool,0.5,3,60,173.92257332883196,76.75285381185888,271.09229284580505,321.54603903363227,0.8660714285714286,1.0238095238095237,0.7,0.699412747252751,2.4890108899409724,,,0.0
mix_search,reference,evidence_graph,0/7/5,2,1.0,2.5,full_pool,0.5,3,60,205.59552789073618,96.13788681561128,315.05316896586106,358.71143152536825,0.8638888888888889,1.0444444444444445,0.75,0.6635347572815572,2.206281634687674,,,0.0
mix_search,reference,evidence_graph,0/8/4,2,1.0,2.5,full_pool,0.5,3,60,211.06991762470466,126.76101220790724,295.3788230415021,343.05544694180327,0.8863636363636364,0.9772727272727273,0.7333333333333333,0.7452917972350274,2.430520293263105,,,0.0
mix_search,reference,evidence_graph,0/9/3,2,1.0,2.5,full_pool,0.5,3,60,255.79931965353293,164.59346201066325,347.0051772964026,396.37445368253856,0.9069148936170213,0.9148936170212766,0.7833333333333333,0.697336625514407,2.283986234190219,,,0.0
mix_search,reference,evidence_graph,0/10/2,2,1.0,2.5,full_pool,0.5,3,60,231.12361176293192,157.03393123430635,305.2132922915575,365.73889705748024,0.9175531914893617,1.0851063829787233,0.7833333333333333,0.7937203361344571,2.204720329246156,,,0.0
mix_search,reference,evidence_graph,0/11/1,2,1.0,2.5,full_pool,0.5,3,60,206.41100747804137,153.55610302850786,259.2659119275749,334.6730024011047,0.8944444444444445,1.0,0.75,0.9498678733031689,2.3272595282668904,,,0.0
mix_search,reference,evidence_graph,0/12/0,2,1.0,2.5,full_pool,0.5,3,60,282.0351664948924,184.7558548557074,379.3144781340774,428.56348531442836,0.8888888888888888,0.7407407407407407,0.9,0.7545319298245622,2.235521476487015,,,0.0
mix_search,reference,evidence_graph,1/0/11,2,1.0,2.5,full_pool,0.5,3,60,120.22176145521172,-1.625386181298282,242.0689090917217,342.9349220667159,0.6979166666666666,1.5,0.6,1.1526545454545485,1.8452142193568382,,,0.0
mix_search,reference,evidence_graph,1/1/10,2,1.0,2.5,full_pool,0.5,3,60,132.34927717908548,61.60175504429836,203.0967993138726,334.00446888811615,0.7534722222222222,1.3888888888888888,0.6,1.2207003508771976,1.8742568993628623,,,0.0
mix_search,reference,evidence_graph,1/2/9,2,1.0,2.5,full_pool,0.5,3,60,146.0438258795247,98.6397080174538,193.44794374159557,418.2256223535325,0.7581521739130435,1.391304347826087,0.7666666666666667,1.227631627906982,2.026803526520079,,,0.0
mix_search,reference,evidence_graph,1/3/8,2,1.0,2.5,full_pool,0.5,3,60,166.57389931121307,71.45346513130508,261.69433349112103,400.4783123620312,0.7648809523809523,1.2142857142857142,0.7,1.1050309859154974,1.9037823615948217,,,0.0
mix_search,reference,evidence_graph,1/4/7,2,1.0,2.5,full_pool,0.5,3,60,175.1606612991424,88.75920453181905,261.5621180664657,342.10416720633816,0.8575581395348837,1.2790697674418605,0.7166666666666667,1.1337499428571467,2.368301256692931,,,0.0
mix_search,reference,evidence_graph,1/5/6,2,1.0,2.5,full_pool,0.5,3,60,179.1497608266427,77.48771490421544,280.81180674907,341.29106480239966,0.8401162790697675,1.2790697674418605,0.7166666666666667,1.254240000000003,2.3222852107990746,,,0.0
mix_search,reference,evidence_graph,1/6/5,2,1.0,2.5,full_pool,0.5,3,60,169.00921199913424,126.06881324958445,211.94961074868402,336.33010879832534,0.8532608695652174,1.2173913043478262,0.7666666666666667,1.2930652173913053,2.263012868737022,,,0.0
mix_search,reference,evidence_graph,1/7/4,2,1.0,2.5,full_pool,0.5,3,60,195.2082695491791,138.80665449491,251.60988460344822,326.8770142939881,0.8804347826086957,1.0217391304347827,0.7666666666666667,1.1954603636363632,2.323069998928797,,,0.0
mix_search,reference,evidence_graph,1/8/3,2,1.0,2.5,full_pool,0.5,3,60,205.51443490162856,170.99630874123798,240.03256106201914,360.81001930399606,0.8802083333333334,0.875,0.8,1.226139366515835,2.2665007413168348,,,0.0
mix_search,reference,evidence_graph,1/9/2,2,1.0,2.5,full_pool,0.5,3,60,191.8288983253658,57.3881338521154,326.2696627986162,316.6209168989408,0.8972222222222223,0.9111111111111111,0.75,1.3088711926605474,2.3698518183137276,,,0.0
mix_search,reference,evidence_graph,1/10/1,2,1.0,2.5,full_pool,0.5,3,60,229.72664304221382,195.60744333395508,263.84584275047257,339.6494227182945,0.9228723404255319,0.9574468085106383,0.7833333333333333,1.2623187401574751,2.4387336605868337,,,0.0
mix_search,reference,evidence_graph,1/11/0,2,1.0,2.5,full_pool,0.5,3,60,242.40217838784284,174.94081329274974,309.86354348293594,373.80708834144235,0.907608695652174,0.6956521739130435,0.7666666666666667,1.2609178242677774,2.126182252304894,,,0.0
mix_search,reference,evidence_graph,2/0/10,2,1.0,2.5,full_pool,0.5,3,60,136.27932151395,75.43012862681348,197.12851440108653,341.9576723007355,0.7652439024390244,1.4878048780487805,0.6833333333333333,1.7822424427480978,2.1359137599860287,,,0.0
mix_search,reference,evidence_graph,2/1/9,2,1.0,2.5,full_pool,0.5,3,60,160.93267292362748,87.45300386095849,234.41234198629647,390.1065096339349,0.8191489361702128,1.574468085106383,0.7833333333333333,1.5112092307692357,2.1786853102547568,,,0.0
mix_search,reference,evidence_graph,2/2/8,2,1.0,2.5,full_pool,0.5,3,60,156.69496154893056,43.44684184081635,269.9430812570448,361.9278963415657,0.8465909090909091,1.7954545454545454,0.7333333333333333,1.7166694736842147,2.2443003806239457,,,0.0
mix_search,reference,evidence_graph,2/3/7,2,1.0,2.5,full_pool,0.5,3,60,143.40986977700777,94.61728582373709,192.20245373027845,335.8307130287808,0.8494318181818182,1.5454545454545454,0.7333333333333333,1.9918368211920585,2.4228947043508033,,,0.0
mix_search,reference,evidence_graph,2/4/6,2,1.0,2.5,full_pool,0.5,3,60,178.9230270123085,67.19908578027936,290.64696824433764,334.84515713428203,0.8494318181818182,1.0909090909090908,0.7333333333333333,1.7379823157894754,2.3758371575476116,,,0.0
mix_search,reference,evidence_graph,2/5/5,2,1.0,2.5,full_pool,0.5,3,60,170.1234074601837,165.00500913896838,175.24180578139902,304.9568299113852,0.8722222222222222,1.1111111111111112,0.75,1.7200007881773405,2.468608489974619,,,0.0
mix_search,reference,evidence_graph,2/6/4,2,1.0,2.5,full_pool,0.5,3,60,235.48897403560522,215.09766719002636,255.8802808811841,340.8585256623465,0.9273255813953488,1.0465116279069768,0.7166666666666667,1.4721189915966377,2.2807455699929333,,,0.0
mix_search,reference,evidence_graph,2/7/3,2,1.0,2.5,full_pool,0.5,3,60,199.15327391739137,151.85665989619957,246.44988793858317,311.46398509818897,0.8958333333333334,0.8333333333333334,0.7,1.7556055813953475,2.3473389992352547,,,0.0
mix_search,reference,evidence_graph,2/8/2,2,1.0,2.5,full_pool,0.5,3,60,269.4876342702498,148.72326389198025,390.2520046485194,378.8501705958833,0.949468085106383,0.7659574468085106,0.7833333333333333,1.469971535580522,2.493884203735783,,,0.0
mix_search,reference,evidence_graph,2/9/1,2,1.0,2.5,full_pool,0.5,3,60,234.97184132854647,206.34602326236714,263.59765939472584,344.9557236596332,0.9122340425531915,0.851063829787234,0.7833333333333333,1.5828499999999963,2.3598021146582995,,,0.0
mix_search,reference,evidence_graph,2/10/0,2,1.0,2.5,full_pool,0.5,3,60,254.28905695238484,201.02019215014366,307.557921754626,375.8832222957497,0.9239130434782609,0.7608695652173914,0.7666666666666667,1.5517271713147363,2.245048862361442,,,0.0
mix_search,reference,evidence_graph,3/0/9,2,1.0,2.5,full_pool,0.5,3,60,104.83342338040073,16.967225117616564,192.6996216431849,298.37858652217534,0.75,1.5135135135135136,0.6166666666666667,2.967366213592243,1.9625616473532126,,,0.0
mix_search,reference,evidence_graph,3/1/8,2,1.0,2.5,full_pool,0.5,3,60,154.35740894097003,45.85060700887267,262.8642108730674,273.98416375235297,0.875,1.3333333333333333,0.6,2.3643865838509397,2.4241567805871864,,,0.0
mix_search,reference,evidence_graph,3/2/7,2,1.0,2.5,full_pool,0.5,3,60,177.12315942222713,79.25756088174494,274.9887579627093,270.33176521154263,0.9035714285714286,1.0571428571428572,0.5833333333333334,2.2440970491803363,2.5140197347904665,,,0.0
mix_search,reference,evidence_graph,3/3/6,2,1.0,2.5,full_pool,0.5,3,60,167.32081943045887,109.18216966282091,225.45946919809683,310.924625451551,0.9054878048780488,1.3902439024390243,0.6833333333333333,2.6111790909090993,2.6002101427447015,,,0.0
mix_search,reference,evidence_graph,3/4/5,2,1.0,2.5,full_pool,0.5,3,60,198.3438167489594,178.65052991572608,218.0371035821927,321.2785270880833,0.9011627906976745,1.069767441860465,0.7166666666666667,2.0228037735849096,2.3437483861251764,,,0.0
mix_search,reference,evidence_graph,3/5/4,2,1.0,2.5,full_pool,0.5,3,60,219.75075127136583,71.08411859357514,368.4173839491565,360.1683955040814,0.9183673469387755,0.9387755102040817,0.8166666666666667,2.0129331092437015,2.4430652543968114,,,0.0
mix_search,reference,evidence_graph,3/6/3,2,1.0,2.5,full_pool,0.5,3,60,240.98354116056578,71.18686993486241,410.7802123862691,345.23633154467353,0.9176136363636364,0.6136363636363636,0.7333333333333333,1.8865854693877562,2.4703970603211216,,,0.0
mix_search,reference,evidence_graph,3/7/2,2,1.0,2.5,full_pool,0.5,3,60,189.92033429961998,182.43934246916058,197.40132613007938,280.94694105828245,0.94375,0.925,0.6666666666666666,2.309117777777781,2.462306577811753,,,0.0
mix_search,reference,evidence_graph,3/8/1,2,1.0,2.5,full_pool,0.5,3,60,266.5116082286442,203.98623509828988,329.03698135899856,391.13619510386417,0.9245283018867925,0.7547169811320755,0.8833333333333333,1.673466574394464,2.2674103774056666,,,0.0
mix_search,reference,evidence_graph,3/9/0,2,1.0,2.5,full_pool,0.5,3,60,304.96990452238896,184.4773867077634,425.4624223370145,408.9341276025448,0.9447115384615384,0.7884615384615384,0.8666666666666667,1.6321131832797446,2.3869438927159896,,,0.0
mix_search,reference,evidence_graph,4/0/8,2,1.0,2.5,full_pool,0.5,3,60,177.46984944893487,133.24762638760814,221.6920725102616,324.8732135579792,0.877906976744186,1.5116279069767442,0.7166666666666667,2.567580425531924,2.427795919327958,,,0.0
mix_search,reference,evidence_graph,4/1/7,2,1.0,2.5,full_pool,0.5,3,60,197.20549154084668,96.50301030485804,297.9079727768353,337.8201665848723,0.9027777777777778,1.2444444444444445,0.75,2.447293714285722,2.3572507957153124,,,0.0
mix_search,reference,evidence_graph,4/2/6,2,1.0,2.5,full_pool,0.5,3,60,206.8811611684656,153.86059839588336,259.90172394104786,351.00819543804795,0.9122340425531915,1.127659574468085,0.7833333333333333,2.393012612612617,2.6110885135438044,,,0.0
mix_search,reference,evidence_graph,4/3/5,2,1.0,2.5,full_pool,0.5,3,60,249.69850778025975,189.64410364015595,309.75291192036354,375.7906925775059,0.9275,1.02,0.8333333333333334,2.1039940298507505,2.567343768436922,,,0.0
mix_search,reference,evidence_graph,4/4/4,2,1.0,2.5,full_pool,0.5,3,60,273.4067406484919,146.44158653694853,400.3718947600353,401.48922897560334,0.9282407407407407,0.9444444444444444,0.9,1.963512925170071,2.5710402725395367,,,0.0
mix_search,reference,evidence_graph,4/5/3,2,1.0,2.5,full_pool,0.5,3,60,273.23272539907083,230.63732311285207,315.8281276852896,384.330330293397,0.9504716981132075,0.9811320754716981,0.8833333333333333,2.0951321854304665,2.6074703920793274,,,0.0
mix_search,reference,evidence_graph,4/6/2,2,1.0,2.5,full_pool,0.5,3,60,260.975340907232,152.29020197413746,369.66047984032656,356.2179796340597,0.9550000000000002,0.86,0.8333333333333334,2.0769400000000036,2.451395552216365,,,0.0
mix_search,reference,evidence_graph,4/7/1,2,1.0,2.5,full_pool,0.5,3,60,301.42408777921975,236.24796982623434,366.60020573220515,418.0934653018485,0.9471153846153846,0.6730769230769231,0.8666666666666667,1.9356778666666692,2.295645559513918,,,0.0
mix_search,reference,evidence_graph,4/8/0,2,1.0,2.5,full_pool,0.5,3,60,252.6636227414417,218.03225493510323,287.2949905477802,354.60227799719223,0.9335106382978723,0.5957446808510638,0.7833333333333333,2.2943468634686375,2.3030167534933983,,,0.0
mix_search,reference,evidence_graph,5/0/7,2,1.0,2.5,full_pool,0.5,3,60,150.8015205565405,124.41306200050566,177.18997911257537,272.24782960804504,0.925,1.425,0.6666666666666666,3.6161075706214723,2.532313022404767,,,0.0
mix_search,reference,evidence_graph,5/1/6,2,1.0,2.5,full_pool,0.5,3,60,153.6507638105463,7.990941756485512,299.3105858646071,262.8499976212043,0.8910256410256411,1.1025641025641026,0.65,3.566525217391311,2.6143705858339965,,,0.0
mix_search,reference,evidence_graph,5/2/5,2,1.0,2.5,full_pool,0.5,3,60,207.3481160569498,165.4713423274165,249.22488978648312,311.71858739867235,0.9335106382978723,1.0851063829787233,0.7833333333333333,2.8570517928286874,2.82204754027736,,,0.0
mix_search,reference,evidence_graph,5/3/4,2,1.0,2.5,full_pool,0.5,3,60,229.04844314588343,178.634690878159,279.46219541360784,319.2014385867945,0.9592391304347826,1.0,0.7666666666666667,2.784731515151518,2.799041672076899,,,0.0
mix_search,reference,evidence_graph,5/4/3,2,1.0,2.5,full_pool,0.5,3,60,240.0803898837305,193.1780315636065,286.9827482038545,349.8631981252304,0.9668367346938775,0.9387755102040817,0.8166666666666667,2.6819140520446134,2.5290746650946887,,,0.0
mix_search,reference,evidence_graph,5/5/2,2,1.0,2.5,full_pool,0.5,3,60,325.32959504855603,101.73112650958194,548.9280635875301,415.7548910706461,0.9704545454545455,0.7636363636363637,0.9166666666666666,2.064187906976747,2.5036108483009487,,,0.0
mix_search,reference,evidence_graph,5/6/1,2,1.0,2.5,full_pool,0.5,3,60,247.92198924466845,175.5267194032421,320.3172590860948,344.0376480849275,0.9475,0.74,0.8333333333333334,2.6109683333333362,2.5683721654188285,,,0.0
mix_search,reference,evidence_graph,5/7/0,2,1.0,2.5,full_pool,0.5,3,60,314.55217556126644,295.16161170954194,333.94273941299093,414.27465936121706,0.9607843137254902,0.6470588235294118,0.85,2.216249806451615,2.2111227277166767,,,0.0
mix_search,reference,evidence_graph,6/0/6,2,1.0,2.5,full_pool,0.5,3,60,208.2897147404527,143.60613719428045,272.97329228662494,330.02081551068704,0.9083333333333333,1.1333333333333333,0.75,2.94365097345133,2.3598672193515897,,,0.0
mix_search,reference,evidence_graph,6/1/5,2,1.0,2.5,full_pool,0.5,3,60,239.6938515076738,128.99633394427693,350.3913690710707,345.73326923701393,0.90625,0.7291666666666666,0.8,2.9411415730337107,2.4973267122878227,,,0.0
mix_search,reference,evidence_graph,6/2/4,2,1.0,2.5,full_pool,0.5,3,60,220.1650519752768,154.20270600327842,286.1273979472752,306.15650128242504,0.9601063829787234,0.851063829787234,0.7833333333333333,2.993839114391146,2.667574470844871,,,0.0
mix_search,reference,evidence_graph,6/3/3,2,1.0,2.5,full_pool,0.5,3,60,256.13581965655254,104.42157320755285,407.85006610555223,345.34458061817867,0.9591836734693877,0.8367346938775511,0.8166666666666667,2.875560827586211,2.6434971288030398,,,0.0
mix_search,reference,evidence_graph,6/4/2,2,1.0,2.5,full_pool,0.5,3,60,268.4973998757261,167.5752607147781,369.4195390366741,338.5124147743443,0.9619565217391305,0.5652173913043478,0.7666666666666667,2.748096438356167,2.4314522397211498,,,0.0
mix_search,reference,evidence_graph,6/5/1,2,1.0,2.5,full_pool,0.5,3,60,331.4425515309065,302.31356428988056,360.5715387719324,393.7413710096148,0.9669811320754716,0.37735849056603776,0.8833333333333333,2.3237180952380974,2.5438014420233634,,,0.0
mix_search,reference,evidence_graph,6/6/0,2,1.0,2.5,full_pool,0.5,3,60,283.8926005267709,252.51262121758703,315.27257983595473,381.3486338707367,0.9759615384615384,0.75,0.8666666666666667,2.697170256410262,2.4517337470386353,,,0.0
mix_search,reference,evidence_graph,7/0/5,2,1.0,2.5,full_pool,0.5,3,60,248.7345622813236,196.97666625760328,300.49245830504395,375.8347535365312,0.9457547169811321,0.9245283018867925,0.8833333333333333,3.1730377304964557,2.5818738926376503,,,0.0
mix_search,reference,evidence_graph,7/1/4,2,1.0,2.5,full_pool,0.5,3,60,249.01621390338565,135.35238449538247,362.68004331138883,363.01677707048617,0.9387755102040817,1.0204081632653061,0.8166666666666667,3.12680888888889,2.4567903587242284,,,0.0
mix_search,reference,evidence_graph,7/2/3,2,1.0,2.5,full_pool,0.5,3,60,271.51208947924135,145.81853881920097,397.20564013928174,370.138975516368,0.9617346938775511,0.6530612244897959,0.8166666666666667,2.990382160278748,2.4707514411680735,,,0.0
mix_search,reference,evidence_graph,7/3/2,2,1.0,2.5,full_pool,0.5,3,60,295.20242583528324,125.82105716414782,464.58379450641866,390.6580250677138,0.9551886792452831,0.5660377358490566,0.8833333333333333,2.846988660436141,2.4371159111657144,,,0.0
mix_search,reference,evidence_graph,7/4/1,2,1.0,2.5,full_pool,0.5,3,60,336.2750047595969,245.62000535372368,426.93000416547017,418.8570387160452,0.9768518518518519,0.5555555555555556,0.9,2.6002121037464017,2.3239782974385808,,,0.0
mix_search,reference,evidence_graph,7/5/0,2,1.0,2.5,full_pool,0.5,3,60,317.8206915352974,229.5522555177031,406.0891275528917,404.9094900168091,0.9625,0.56,0.8333333333333334,2.8377803174603216,2.1812936234060554,,,0.0
mix_search,reference,evidence_graph,8/0/4,2,1.0,2.5,full_pool,0.5,3,60,202.47304712437685,135.17928956008953,269.76680468866414,284.43485693617754,0.9627659574468085,0.851063829787234,0.7833333333333333,4.172396417910453,2.7973703573356006,,,0.0
mix_search,reference,evidence_graph,8/1/3,2,1.0,2.5,full_pool,0.5,3,60,280.1206876760902,242.84326514447767,317.39811020770276,357.40246473661136,0.9575471698113207,0.6037735849056604,0.8833333333333333,3.0233865060241,2.593571429112921,,,0.0
mix_search,reference,evidence_graph,8/2/2,2,1.0,2.5,full_pool,0.5,3,60,318.5786080610817,229.3285200895694,407.828696032594,377.5524233415943,0.9795454545454545,0.41818181818181815,0.9166666666666666,2.957356129032267,2.7586665300630373,,,0.0
mix_search,reference,evidence_graph,8/3/1,2,1.0,2.5,full_pool,0.5,3,60,315.0418155871194,263.5831958096216,366.5004353646172,381.809578877365,0.9824561403508771,0.5087719298245614,0.95,2.956510132626003,2.712011412520987,,,0.0
mix_search,reference,evidence_graph,8/4/0,2,1.0,2.5,full_pool,0.5,3,60,385.19632612970025,327.39326209386076,442.99939016553975,427.33608808545404,0.9888392857142857,0.32142857142857145,0.9333333333333333,2.591692673267333,2.420649599084985,,,0.0
mix_search,reference,evidence_graph,9/0/3,2,1.0,2.5,full_pool,0.5,3,60,256.73722772398366,212.90337737722678,300.57107807074055,328.79321910281465,0.9642857142857143,0.673469387755102,0.8166666666666667,3.664762875817,2.4234957804937403,,,0.0
mix_search,reference,evidence_graph,9/1/2,2,1.0,2.5,full_pool,0.5,3,60,275.8466669112816,140.18844240291992,411.5048914196433,348.5791787289235,0.9779411764705882,0.6666666666666666,0.85,3.487497708978334,2.4811969155109925,,,0.0
mix_search,reference,evidence_graph,9/2/1,2,1.0,2.5,full_pool,0.5,3,60,378.18950438307957,220.43408428385925,535.9449244822999,434.27197993666726,0.9776785714285714,0.375,0.9333333333333333,2.820766272493579,2.4430810027480923,,,0.0
mix_search,reference,evidence_graph,9/3/0,2,1.0,2.5,full_pool,0.5,3,60,375.28702701779304,357.5267919151353,393.0472621204508,451.1952866517343,0.9741379310344828,0.4482758620689655,0.9666666666666667,2.803567835051553,2.3755542309215976,,,0.0
mix_search,reference,evidence_graph,10/0/2,2,1.0,2.5,full_pool,0.5,3,60,344.09260491812825,253.65852805602958,434.5266817802269,401.32887824082036,0.9759615384615384,0.3269230769230769,0.8666666666666667,3.3037086834733937,2.360764000506741,,,0.0
mix_search,reference,evidence_graph,10/1/1,2,1.0,2.5,full_pool,0.5,3,60,297.0112065803889,188.76984815498778,405.25256500578996,351.67718357044896,0.9951923076923077,0.4807692307692308,0.8666666666666667,3.6972686363636456,2.5848577022344537,,,0.0
mix_search,reference,evidence_graph,10/2/0,2,1.0,2.5,full_pool,0.5,3,60,403.9112445796632,279.08235889001025,528.7401302693162,435.8954075719909,0.9866071428571429,0.19642857142857142,0.9333333333333333,2.846823076923084,2.3182434679954222,,,0.0
mix_search,reference,evidence_graph,11/0/1,2,1.0,2.5,full_pool,0.5,3,60,338.96805942555835,239.13488361494575,438.80123523617095,390.4047084510052,0.9935344827586207,0.4482758620689655,0.9666666666666667,3.5670788118811974,2.7049706498321817,,,0.0
mix_search,reference,evidence_graph,11/1/0,2,1.0,2.5,full_pool,0.5,3,60,358.87274534379526,316.8218121909797,400.9236784966108,409.06724732393974,0.9935344827586207,0.3275862068965517,0.9666666666666667,3.509165268292695,2.6727933873494836,,,0.0
mix_search,reference,evidence_graph,12/0/0,2,1.0,2.5,full_pool,0.5,3,60,342.53394822624585,313.70007514241934,371.3678213100724,391.6218617740138,0.9831730769230769,0.30769230769230765,0.8666666666666667,4.025665054945065,2.326235278096055,,,0.0
packet_size,low,packet_graph,6/3/3,1,1.0,2.5,full_pool,0.5,12,240,369.03908132138696,344.5627333374344,393.5154293053395,435.5776994768317,0.9664351851851852,0.75,0.9,2.0968765027322385,2.4158972005989137,,,0.0
packet_size,low,packet_graph,6/3/3,2,1.0,2.5,full_pool,0.5,12,240,383.45188483796,353.0497562658309,413.85401341008907,459.61718623783673,0.949585635359116,0.7182320441988951,0.7541666666666667,2.4787811168316876,1.8638404588104884,,,0.0
packet_size,low,packet_graph,6/3/3,4,1.0,2.5,full_pool,0.5,12,240,217.15764965698054,175.6673368432227,258.6479624707384,266.3373193701912,0.9495412844036697,0.8256880733944955,0.45416666666666666,4.301621467787116,1.8515105800588099,,,0.0
packet_size,low,packet_graph,6/3/3,8,1.0,2.5,full_pool,0.5,12,240,51.526411117179116,28.314841190963296,74.73798104339494,73.39466947663804,0.8911290322580645,1.3870967741935485,0.12916666666666668,20.82364895632184,1.6858809482995514,,,0.0
packet_size,reference,packet_graph,6/3/3,1,1.0,2.5,full_pool,0.5,12,240,267.9223847432093,248.53473576930907,287.31003371710955,351.7586043395115,0.97265625,0.7083333333333334,0.8,2.806807309991463,2.5250684217447836,,,0.0
packet_size,reference,packet_graph,6/3/3,2,1.0,2.5,full_pool,0.5,12,240,224.7387381776217,189.433751354287,260.0437250009564,298.98821025014706,0.9517405063291139,0.7215189873417721,0.6583333333333333,3.442540920754722,2.342229370018237,,,0.0
packet_size,reference,packet_graph,6/3/3,4,1.0,2.5,full_pool,0.5,12,240,145.85878155912576,113.5058307181355,178.21173240011603,210.5181836834114,0.9338235294117647,0.8431372549019608,0.425,5.9283890180531005,2.072469295414354,,,0.0
packet_size,reference,packet_graph,6/3/3,8,1.0,2.5,full_pool,0.5,12,240,38.11775113158191,17.97432647587619,58.261175787287634,73.39466947663804,0.8911290322580645,1.3870967741935485,0.12916666666666668,28.307147800000003,1.6858809482995514,,,0.0
packet_size,high,packet_graph,6/3/3,1,1.0,2.5,full_pool,0.5,12,240,52.86467029374191,39.99930404412985,65.73003654335398,96.57867534598905,0.946917808219178,1.4383561643835616,0.30416666666666664,12.211118753894102,3.4670418526295768,,,0.0
packet_size,high,packet_graph,6/3/3,2,1.0,2.5,full_pool,0.5,12,240,39.0182062721425,22.938786860816148,55.09762568346885,72.31584651247358,0.9138888888888889,1.0888888888888888,0.1875,17.128070035233183,2.609322365958522,,,0.0
packet_size,high,packet_graph,6/3/3,4,1.0,2.5,full_pool,0.5,12,240,32.35839268817008,16.495497677610903,48.221287698729256,67.2973652379431,0.9128787878787878,1.0909090909090908,0.1375,25.65726384761907,2.130393284525447,,,0.0
packet_size,high,packet_graph,6/3/3,8,1.0,2.5,full_pool,0.5,12,240,21.014897929723947,9.527325385055706,32.50247047439219,73.39466947663804,0.8911290322580645,1.3870967741935485,0.12916666666666668,51.03260448450705,1.6858809482995514,,,0.0
effort,reference,institutions,6/3/3,2,0.5,2.5,full_pool,0.5,8,160,179.08569317631458,143.67253719138003,214.49884916124913,293.40041189357305,0.9430803571428571,1.2232142857142858,0.7,2.871307202925039,2.460441157382675,,,0.0
effort,reference,evidence_graph,6/3/3,2,0.5,2.5,full_pool,0.5,8,160,227.09449420076635,187.96013026311942,266.2288581384133,352.65273964196894,0.9295634920634921,1.119047619047619,0.7875,2.183465107692299,2.3428593587709017,,,0.0
effort,reference,packet_graph,6/3/3,2,0.5,2.5,full_pool,0.5,8,160,181.9328899759173,161.93847948226346,201.92730046957115,282.06579386262945,0.9352941176470588,1.011764705882353,0.53125,3.166451974429223,2.0907681451122664,,,0.0
effort,reference,institutions,6/3/3,2,1.0,2.5,full_pool,0.5,8,160,187.76243999930276,144.67004337708988,230.85483662151563,274.72644081605756,0.956858407079646,1.0176991150442478,0.70625,4.005850570962479,2.7021636132233358,,,0.0
effort,reference,evidence_graph,6/3/3,2,1.0,2.5,full_pool,0.5,8,160,244.42251675910546,216.25418105096662,272.5908524672443,339.2437126401145,0.9557692307692308,0.7461538461538462,0.8125,2.9731450397878034,2.6159302549876586,,,0.0
effort,reference,packet_graph,6/3/3,2,1.0,2.5,full_pool,0.5,8,160,188.4208195203804,159.5499208187564,217.29171822200442,266.8809506777936,0.9546568627450981,0.9117647058823529,0.6375,3.799629544444451,2.4004682004953675,,,0.0
effort,reference,institutions,6/3/3,2,2.0,2.5,full_pool,0.5,8,160,183.31452969826674,157.68718543924996,208.94187395728352,241.3803555696378,0.9635416666666666,0.7583333333333333,0.75,5.627947978142131,3.3128491631490338,,,0.0
effort,reference,evidence_graph,6/3/3,2,2.0,2.5,full_pool,0.5,8,160,223.15976272483198,189.3518093744821,256.9677160751819,292.2346443504258,0.976679104477612,0.6865671641791045,0.8375,4.515462102689518,3.202605339495624,,,0.0
effort,reference,packet_graph,6/3/3,2,2.0,2.5,full_pool,0.5,8,160,189.24907238148012,167.82863790932237,210.66950685363787,248.0179289501399,0.954954954954955,0.5855855855855856,0.69375,5.2018750485207175,2.761583930734329,,,0.0
mix_confirmation,unlimited,institutions,12/0/0,2,1.0,2.5,full_pool,0.5,24,768,338.57434894733655,322.49760333525364,354.65109455941945,378.4515386079573,0.9885338345864662,0.32030075187969925,0.8658854166666666,4.34142971212446,2.5244487634595782,,,0.0
mix_confirmation,unlimited,institutions,10/2/0,2,1.0,2.5,full_pool,0.5,24,768,328.5805343120623,310.5913857613251,346.5696828627995,379.2757235270156,0.9845399698340875,0.42684766214177977,0.86328125,3.8653440000000407,2.536489896194373,,,0.0
mix_confirmation,unlimited,institutions,8/4/0,2,1.0,2.5,full_pool,0.5,24,768,295.464522640938,279.1673926534556,311.76165262842045,351.769374304741,0.9805246422893482,0.4944356120826709,0.8190104166666666,3.598312603452377,2.657971333219268,,,0.0
mix_confirmation,unlimited,institutions,6/5/1,2,1.0,2.5,full_pool,0.5,24,768,238.60923973095566,222.00078725874727,255.21769220316406,305.5353860461082,0.9672095070422535,0.6672535211267606,0.7395833333333334,3.4083817535946013,2.651318911151551,,,0.0
mix_confirmation,unlimited,institutions,6/3/3,2,1.0,2.5,full_pool,0.5,24,768,204.1966772393655,187.7395761782911,220.6537783004399,282.5941237744581,0.953268876611418,0.8692449355432781,0.70703125,3.807086743295035,2.782171249546886,,,0.0
mix_confirmation,unlimited,institutions,4/7/1,2,1.0,2.5,full_pool,0.5,24,768,217.5336111702011,204.68541683148797,230.38180550891425,297.50276356948837,0.9461645101663586,0.7781885397412199,0.7044270833333334,2.844970252525268,2.557180568363924,,,0.0
mix_confirmation,unlimited,institutions,0/12/0,2,1.0,2.5,full_pool,0.5,24,768,202.75348388550893,184.19034881822392,221.31661895279393,319.80796639875234,0.9051966292134831,0.9644194756554307,0.6953125,1.1541029922423331,2.3217368468799626,,,0.0
mix_confirmation,constrained,institutions,12/0/0,2,1.0,2.5,full_pool,0.5,24,768,124.77838327424429,118.77116675140945,130.78559979707913,139.26628469428078,0.9899553571428571,0.34523809523809523,0.875,4.4431906351183725,7.5619496550711744,,,0.0
mix_confirmation,constrained,institutions,10/2/0,2,1.0,2.5,full_pool,0.5,24,768,158.7560576873648,148.19518438902787,169.31693098570173,187.39479005655497,0.9803165584415584,0.44805194805194803,0.8020833333333334,3.6653602680708715,4.976735102588992,,,0.0
mix_confirmation,constrained,institutions,8/4/0,2,1.0,2.5,full_pool,0.5,24,768,192.46322577430306,182.27908866846877,202.64736288013734,238.9816596170101,0.9720812182741116,0.6006768189509306,0.76953125,3.2080043605870165,3.791376760869611,,,0.0
mix_confirmation,constrained,institutions,6/5/1,2,1.0,2.5,full_pool,0.5,24,768,184.9213279779166,171.63841809807096,198.20423785776225,244.8509897225997,0.960387323943662,0.7570422535211268,0.7395833333333334,3.1952880396155114,3.430860831309107,,,0.0
mix_confirmation,constrained,institutions,6/3/3,2,1.0,2.5,full_pool,0.5,24,768,160.342995693997,150.40398076042885,170.28201062756517,209.4103926958104,0.9641560798548094,0.7404718693284936,0.7174479166666666,3.603010284360206,3.9112409745310557,,,0.0
mix_confirmation,constrained,institutions,4/7/1,2,1.0,2.5,full_pool,0.5,24,768,185.10582926070774,176.90989898244254,193.30175953897293,244.34200275507155,0.9645034843205574,0.764808362369338,0.7473958333333334,3.15752674311928,3.4849391150393645,,,0.0
mix_confirmation,constrained,institutions,0/12/0,2,1.0,2.5,full_pool,0.5,24,768,77.8902480634723,72.67442066284318,83.10607546410142,121.49336120275898,0.9109492481203008,0.9041353383458647,0.6927083333333334,1.1249541956760696,6.711043592317144,,,0.0
mix_confirmation,unlimited,evidence_graph,12/0/0,2,1.0,2.5,full_pool,0.5,24,768,410.6481547578367,392.97115481083455,428.3251547048389,459.6049569849563,0.9862637362637363,0.26785714285714285,0.9479166666666666,3.475464821222647,2.4228512355949197,,,0.0
mix_confirmation,unlimited,evidence_graph,10/2/0,2,1.0,2.5,full_pool,0.5,24,768,386.1014424579421,368.6585560397256,403.54432887615854,437.5576455484618,0.9837034383954155,0.3108882521489971,0.9088541666666666,3.241798741627793,2.470464799761096,,,0.0
mix_confirmation,unlimited,evidence_graph,8/4/0,2,1.0,2.5,full_pool,0.5,24,768,351.5525381312921,337.38756278134326,365.717513481241,417.30150086044955,0.9787701317715959,0.4216691068814056,0.8893229166666666,2.9104722849696114,2.494788692236526,,,0.0
mix_confirmation,unlimited,evidence_graph,6/5/1,2,1.0,2.5,full_pool,0.5,24,768,306.67735895597883,288.139691378091,325.21502653386665,390.79811971161325,0.9681783536585366,0.6234756097560976,0.8541666666666666,2.631454453618279,2.5603612837580036,,,0.0
mix_confirmation,unlimited,evidence_graph,6/3/3,2,1.0,2.5,full_pool,0.5,24,768,261.36067555998716,244.28053227993607,278.4408188400383,354.94950817899553,0.9607723577235773,0.808130081300813,0.80078125,2.9759289527493955,2.6360455186255716,,,0.0
mix_confirmation,unlimited,evidence_graph,4/7/1,2,1.0,2.5,full_pool,0.5,24,768,269.0885070796225,255.29919453162967,282.87781962761534,364.7126366975411,0.9554455445544554,0.7491749174917491,0.7890625,2.2454590550740994,2.493879129820638,,,0.0
mix_confirmation,unlimited,evidence_graph,0/12/0,2,1.0,2.5,full_pool,0.5,24,768,246.26375477539702,232.59316938586943,259.9343401649246,400.03295438590294,0.901844262295082,0.9688524590163935,0.7942708333333334,0.9344005328005248,2.309508284278203,,,0.0
mix_confirmation,constrained,evidence_graph,12/0/0,2,1.0,2.5,full_pool,0.5,24,768,149.03474813614275,142.40188136677102,155.66761490551448,165.84646586215806,0.9860529986052998,0.26359832635983266,0.93359375,3.5855192239038067,7.0623135536568284,,,0.0
mix_confirmation,constrained,evidence_graph,10/2/0,2,1.0,2.5,full_pool,0.5,24,768,189.48758968699258,179.81920279788432,199.15597657610084,223.06238750905334,0.980301914580265,0.44035346097201766,0.8841145833333334,2.9689478042442823,4.822296375384267,,,0.0
mix_confirmation,constrained,evidence_graph,8/4/0,2,1.0,2.5,full_pool,0.5,24,768,228.31866947026117,217.50631923200604,239.1310197085163,282.3320887438422,0.9697368421052631,0.5323308270676692,0.8658854166666666,2.614864636131152,3.6969092359232456,,,0.0
mix_confirmation,constrained,evidence_graph,6/5/1,2,1.0,2.5,full_pool,0.5,24,768,225.9625907825051,214.19560355891474,237.72957800609544,293.585119893524,0.9650157232704403,0.6462264150943396,0.828125,2.5687421859040014,3.3833595239526173,,,0.0
mix_confirmation,constrained,evidence_graph,6/3/3,2,1.0,2.5,full_pool,0.5,24,768,212.71216769924231,202.9610766385357,222.46325875994893,276.16684137905105,0.9644216133942162,0.684931506849315,0.85546875,2.6610172332015987,3.706046999758577,,,0.0
mix_confirmation,constrained,evidence_graph,4/7/1,2,1.0,2.5,full_pool,0.5,24,768,220.8955598267394,207.30848605757464,234.48263359590416,289.51044721308784,0.9614319620253164,0.6787974683544303,0.8229166666666666,2.578749777086593,3.3501115395005634,,,0.0
mix_confirmation,constrained,evidence_graph,0/12/0,2,1.0,2.5,full_pool,0.5,24,768,89.00281778255521,83.1235786043622,94.88205696074823,142.42955895226814,0.9036502546689303,0.9015280135823429,0.7669270833333334,0.9594254323499408,6.451478821357901,,,0.0
topology_confirmation,reference,single_checker,6/3/3,2,1.0,2.5,full_pool,0.5,24,768,84.20371829491899,78.70417602156061,89.70326056827736,123.72441648577713,0.8888020833333333,0.5145833333333333,0.625,4.802727131428566,6.064927644898959,,,0.0
topology_confirmation,reference,elastic_pipeline,6/3/3,2,1.0,2.5,full_pool,0.5,24,768,199.78155080530817,185.4903505475275,214.07275106308884,353.2213622689196,0.8216318785578748,0.7817836812144212,0.6861979166666666,3.8617737066443882,2.1823126046082297,,,0.0
topology_confirmation,reference,institutions,6/3/3,2,1.0,2.5,full_pool,0.5,24,768,214.8196642739825,202.12031273205963,227.5190158159054,292.90194653289103,0.9528650646950092,0.8650646950092421,0.7044270833333334,3.5904615500945303,2.6168596071603702,,,0.0
topology_confirmation,reference,evidence_graph,6/3/3,2,1.0,2.5,full_pool,0.5,24,768,257.13569880600744,240.31358621401412,273.95781139800073,351.12764730616135,0.9581290849673203,0.7941176470588235,0.796875,2.9807213407821394,2.635267059317634,,,0.0
topology_confirmation,reference,packet_graph,6/3/3,2,1.0,2.5,full_pool,0.5,24,768,223.34681324652016,203.14905744805066,243.54456904498966,301.5467021518837,0.9509803921568627,0.7124183006535948,0.59765625,3.7754773787234166,2.3578081483032682,,,0.0
topology_confirmation,equal_controls,elastic_pipeline,6/3/3,2,1.0,2.5,full_pool,0.5,24,768,242.04871007283387,229.39570417223686,254.70171597343088,328.1054470867581,0.9628205128205128,0.8888888888888888,0.76171875,3.3639927272727386,2.658978745727223,,,0.0
topology_confirmation,equal_controls,institutions,6/3/3,2,1.0,2.5,full_pool,0.5,24,768,214.8196642739825,202.12031273205963,227.5190158159054,292.90194653289103,0.9528650646950092,0.8650646950092421,0.7044270833333334,3.5904615500945303,2.6168596071603702,,,0.0
topology_confirmation,equal_controls,evidence_graph,6/3/3,2,1.0,2.5,full_pool,0.5,24,768,253.23919780809902,240.37169517725997,266.1067004389381,346.7686364615782,0.9621021775544388,0.830820770519263,0.77734375,3.058413940957312,2.6210873346503445,,,0.0
topology_confirmation,equal_controls,packet_graph,6/3/3,2,1.0,2.5,full_pool,0.5,24,768,232.05270301852673,208.18907138410287,255.91633465295058,315.58929239483837,0.9530612244897959,0.8510204081632653,0.6380208333333334,3.618913076302999,2.371066896500879,,,0.0
topology_confirmation,dense_dependencies,single_checker,6/3/3,2,1.0,2.5,full_pool,0.5,24,768,39.1594591538634,33.57992168729821,44.738996620428594,82.7210404440501,0.8797770700636943,0.7802547770700637,0.4088541666666667,11.834187689741487,5.891003992247759,,,0.0
topology_confirmation,dense_dependencies,elastic_pipeline,6/3/3,2,1.0,2.5,full_pool,0.5,24,768,86.04584372218493,78.60354667518776,93.4881407691821,233.8999447509976,0.8042682926829269,1.051219512195122,0.5338541666666666,8.364572069249814,2.3855194804896778,,,0.0
topology_confirmation,dense_dependencies,institutions,6/3/3,2,1.0,2.5,full_pool,0.5,24,768,74.53823017818928,65.01225459045409,84.06420576592447,131.18161467168997,0.9470404984423676,1.043613707165109,0.41796875,10.11163530542216,3.3110104797627775,,,0.0
topology_confirmation,dense_dependencies,evidence_graph,6/3/3,2,1.0,2.5,full_pool,0.5,24,768,129.9833749016185,119.92603743788365,140.04071236535336,225.32467387623896,0.9544753086419753,0.8744855967078189,0.6328125,5.373971550802158,3.1919864756353915,,,0.0
topology_confirmation,dense_dependencies,packet_graph,6/3/3,2,1.0,2.5,full_pool,0.5,24,768,107.75238561473947,97.18162267733747,118.32314855214146,182.16335734457894,0.9452898550724638,0.8492753623188406,0.44921875,6.690240578973123,2.837420270180891,,,0.0
topology_confirmation,interface_errors,single_checker,6/3/3,2,1.0,2.5,full_pool,0.5,24,768,58.978137811198984,54.23054259119198,63.72573303120599,90.91368497424143,0.8879915730337079,0.7443820224719101,0.4635416666666667,6.960699201725997,6.012019497892278,,,0.0
topology_confirmation,interface_errors,elastic_pipeline,6/3/3,2,1.0,2.5,full_pool,0.5,24,768,151.24246045723189,141.32812067863412,161.15680023582965,280.29979120872855,0.8173738532110092,1.0504587155963303,0.5677083333333334,5.059071238095249,2.107112683378571,,,0.0
topology_confirmation,interface_errors,institutions,6/3/3,2,1.0,2.5,full_pool,0.5,24,768,147.55314253555198,136.41401119607278,158.6922738750312,203.10910094808602,0.9607054455445545,1.1212871287128714,0.5260416666666666,5.273191717085662,2.6865054311680914,,,0.0
topology_confirmation,interface_errors,evidence_graph,6/3/3,2,1.0,2.5,full_pool,0.5,24,768,207.48159190682819,189.1535111318965,225.80967268175988,283.0685186827497,0.95751953125,0.896484375,0.6666666666666666,3.670398717434892,2.6681574622775974,,,0.0
topology_confirmation,interface_errors,packet_graph,6/3/3,2,1.0,2.5,full_pool,0.5,24,768,171.9903146545931,155.81138645301706,188.16924285616915,234.9790955663801,0.9425207756232687,0.7894736842105263,0.4700520833333333,4.873718790539278,2.2856053419175213,,,0.0
packet_confirmation,high_coupling,packet_graph,6/3/3,1,1.0,0.0,full_pool,0.5,16,512,54.425393399560846,42.75945967670787,66.09132712241382,94.38808499997012,0.9427816901408451,1.1056338028169015,0.27734375,12.370246585365901,3.264199652190552,,,0.0
packet_confirmation,high_coupling,packet_graph,6/3/3,2,1.0,0.0,full_pool,0.5,16,512,41.655812185863994,32.780886831448605,50.53073754027938,74.47730837188954,0.9347826086956522,1.0,0.1796875,17.135464838835002,2.899985373408114,,,0.0
packet_confirmation,high_coupling,packet_graph,6/3/3,4,1.0,0.0,full_pool,0.5,16,512,44.70844521181694,33.61117221799897,55.8057182056349,74.2720364563065,0.9123376623376623,0.6883116883116883,0.150390625,19.722339767741985,2.1864158328851984,,,0.0
packet_confirmation,high_coupling,packet_graph,6/3/3,8,1.0,0.0,full_pool,0.5,16,512,171.63299754571634,142.4068782026554,200.85911688877727,251.08073369081802,0.9417420814479638,0.38461538461538464,0.431640625,6.138065629090911,1.8221101942340432,,,0.0
packet_confirmation,high_coupling,packet_graph,6/3/3,1,1.0,2.5,full_pool,0.5,16,512,54.425393399560846,42.75945967670787,66.09132712241382,94.38808499997012,0.9427816901408451,1.1056338028169015,0.27734375,12.370246585365901,3.264199652190552,,,0.0
packet_confirmation,high_coupling,packet_graph,6/3/3,2,1.0,2.5,full_pool,0.5,16,512,40.83968113800596,33.33090273483671,48.3484595411752,73.77757419020283,0.9266304347826086,0.967391304347826,0.1796875,17.243411402433136,2.701444971621443,,,0.0
packet_confirmation,high_coupling,packet_graph,6/3/3,4,1.0,2.5,full_pool,0.5,16,512,31.831961652915137,20.083065221693435,43.580858084136835,68.4006498867466,0.8694029850746269,0.8059701492537313,0.130859375,27.212221840963917,2.2418017407725235,,,0.0
packet_confirmation,high_coupling,packet_graph,6/3/3,8,1.0,2.5,full_pool,0.5,16,512,24.2935575418645,16.704484112586844,31.88263097114216,73.5735004513144,0.8852459016393442,1.5901639344262295,0.119140625,44.218748800000014,1.787498435485032,,,0.0
correlation_confirmation,0.0,evidence_graph,10/2/0,2,1.0,2.5,full_pool,0.5,24,768,550.9552586193971,525.9662147922393,575.944302446555,571.8386470058808,0.9968291054739653,0.12149532710280374,0.9752604166666666,2.2583611155378613,2.0129481864074674,,,0.0
correlation_confirmation,0.05,evidence_graph,10/2/0,2,1.0,2.5,full_pool,0.5,24,768,499.0930098855725,482.04235935053066,516.1436604206143,530.475462550634,0.9921034946236559,0.17876344086021506,0.96875,2.4895296822563533,2.1669852170240116,,,0.0
correlation_confirmation,0.18,evidence_graph,10/2/0,2,1.0,2.5,full_pool,0.5,24,768,398.7224067133391,382.44136115892616,415.0034522677521,450.99169122739676,0.9846582984658299,0.34449093444909346,0.93359375,3.0937932991722774,2.4610701401626023,,,0.0
correlation_confirmation,0.45,evidence_graph,10/2/0,2,1.0,2.5,full_pool,0.5,24,768,214.21177904367187,203.10518397337032,225.31837411397342,289.4742018332887,0.9606837606837607,0.7897435897435897,0.76171875,5.584976531024595,3.0256308495949633,,,0.0
elasticity,steady,institutions,8/8/4,2,1.0,2.5,fixed_small,0.5,24,1152,78.2149940080889,74.6054230466433,81.82456496953449,106.24597763471904,0.957810539523212,0.875784190715182,0.6918402777777778,3.7097784170213095,11.827373380036791,3.9676935219988536,4.0,30.409135639533094
elasticity,steady,institutions,8/8/4,2,1.0,2.5,full_pool,0.5,24,1152,202.11347563377277,192.79984913004333,211.4271021375022,264.17345789330363,0.9650170648464164,0.770193401592719,0.7630208333333334,3.017231753113979,5.0735545035298735,8.616144940214951,9.0,13.254368985354796
elasticity,steady,institutions,8/8/4,2,1.0,2.5,queue_autoscale,0.5,24,1152,196.42838232927156,185.4232461048507,207.4335185536924,258.1128795675714,0.9641203703703703,0.7685185185185185,0.75,3.0858032045670987,5.170768048331094,8.557237615672951,9.0,13.184656328433062
elasticity,steady,institutions,8/8/4,2,1.0,2.5,work_autoscale,0.5,24,1152,151.2146872330919,142.9736745344748,159.45569993170898,196.97360938256892,0.9610409145607701,0.7509025270758123,0.7213541666666666,3.4099207838526606,6.152015146767167,6.998869614807653,9.0,15.746979774334063
elasticity,bursts,institutions,8/8/4,2,1.0,2.5,fixed_small,0.5,24,1152,77.93747373402825,73.11519960314857,82.75974786490792,105.82567370144318,0.9647755610972568,0.8902743142144638,0.6961805555555556,3.72893023492067,11.759619348674867,3.9582551066189744,4.0,23.20318092481253
elasticity,bursts,institutions,8/8/4,2,1.0,2.5,full_pool,0.5,24,1152,189.71549260493055,179.03285029315873,200.39813491670236,253.80080893079776,0.9631578947368421,0.7883040935672515,0.7421875,3.172179526696673,4.563909877360737,8.507603806024994,9.0,5.522414717258752
elasticity,bursts,institutions,8/8/4,2,1.0,2.5,queue_autoscale,0.5,24,1152,193.70811391141342,183.89708871080873,203.5191391120181,253.3574806625151,0.9575228832951945,0.7208237986270023,0.7586805555555556,3.0778936326225392,4.761328660557467,8.38803959889009,9.0,5.7315174140778
elasticity,bursts,institutions,8/8/4,2,1.0,2.5,work_autoscale,0.5,24,1152,144.6358189156333,138.07569822655566,151.19593960471096,189.80962633852536,0.9594879518072289,0.8132530120481928,0.7204861111111112,3.4480482845850036,6.197130654379449,6.817749003258231,9.0,9.2990492415052
elasticity,bursts_variable_work,institutions,8/8/4,2,1.0,2.5,fixed_small,0.5,24,1152,80.32342385285297,76.35350258939334,84.2933451163126,110.12897074266478,0.9462025316455697,0.8430379746835444,0.6857638888888888,3.483577798006033,10.728449260348418,3.9650543242342096,4.0,21.035448063411557
elasticity,bursts_variable_work,institutions,8/8/4,2,1.0,2.5,full_pool,0.5,24,1152,199.29457281313626,188.7199698195016,209.8691758067709,261.2572059036187,0.9492966002344666,0.6951934349355217,0.7404513888888888,2.904448645781262,4.322378078334672,8.557219906197947,9.0,5.044640110318136
elasticity,bursts_variable_work,institutions,8/8/4,2,1.0,2.5,queue_autoscale,0.5,24,1152,184.26013304163268,175.6196814341366,192.90058464912877,245.36835544791208,0.9463636363636364,0.7333333333333333,0.7161458333333334,3.0689698929941267,4.4227695201321024,8.296604615027222,9.0,5.2676016058532005
elasticity,bursts_variable_work,institutions,8/8/4,2,1.0,2.5,work_autoscale,0.5,24,1152,142.29428801876563,136.88914425876945,147.6994317787618,191.52882135388822,0.9494011976047905,0.8023952095808383,0.7248263888888888,3.2031924671767786,6.1636725937172505,6.570959745312677,9.0,9.319577327068654
elasticity,dense_bursts,institutions,8/8/4,2,1.0,2.5,fixed_small,0.5,24,1152,8.25482595861927,6.886591146314024,9.623060770924514,16.77962950437921,0.9449685534591195,1.7232704402515724,0.13802083333333334,36.85836912280736,12.236084265262289,3.9498630167231554,4.0,27.661448318109638
elasticity,dense_bursts,institutions,8/8/4,2,1.0,2.5,full_pool,0.5,24,1152,21.853736190245133,17.95467479091177,25.752797589578496,41.28850444341326,0.9565217391304348,1.4891304347826086,0.1597222222222222,29.04301377720883,5.779538411559439,8.525516527098889,9.0,9.010525613396036
elasticity,dense_bursts,institutions,8/8/4,2,1.0,2.5,queue_autoscale,0.5,24,1152,21.293626779701995,17.8706716226494,24.71658193675459,39.56684647942995,0.9409340659340659,1.2857142857142858,0.1579861111111111,29.28055684879302,5.642433410001913,8.261521716011218,9.0,9.573481922088044
elasticity,dense_bursts,institutions,8/8/4,2,1.0,2.5,work_autoscale,0.5,24,1152,12.150614404183983,9.507409940905667,14.7938188674623,23.904595370596486,0.9397590361445783,1.6927710843373494,0.1440972222222222,31.4151100296738,8.976917886556077,5.319067384997067,9.0,19.052027713583982
elasticity,steady,evidence_graph,8/8/4,2,1.0,2.5,fixed_small,0.5,24,1152,94.74820476499794,91.00826892942844,98.48814060056743,132.31018685552405,0.9554252998909487,0.8767720828789531,0.7960069444444444,3.0289709568195042,11.35885187633591,3.9553428480437867,4.0,28.695359883078332
elasticity,steady,evidence_graph,8/8/4,2,1.0,2.5,full_pool,0.5,24,1152,239.2637799535274,227.9535912892474,250.5739686178074,311.19595532908147,0.9616374871266735,0.6642636457260556,0.8428819444444444,2.4926113033294457,4.907917196263407,8.57315511726532,9.0,12.431636533500498
elasticity,steady,evidence_graph,8/8/4,2,1.0,2.5,queue_autoscale,0.5,24,1152,230.68469265971075,222.56709903130098,238.8022862881205,302.7406267119864,0.9646201873048907,0.7169614984391259,0.8342013888888888,2.537461418826758,4.977171203929654,8.440194422502028,9.0,12.405132813212354
elasticity,steady,evidence_graph,8/8/4,2,1.0,2.5,work_autoscale,0.5,24,1152,189.58382867011406,182.07589329307206,197.09176404715606,259.117922784683,0.9606236786469344,0.8731501057082452,0.8211805555555556,2.748592808664281,5.57782283151782,7.210578570723922,9.0,13.8580763769613
elasticity,bursts,evidence_graph,8/8/4,2,1.0,2.5,fixed_small,0.5,24,1152,96.59822600152127,91.30671398498694,101.8897380180556,132.34240172734542,0.9593682505399568,0.8520518358531317,0.8038194444444444,2.9790904421831903,11.334138242305006,3.9629627219024997,4.0,21.760560595590196
elasticity,bursts,evidence_graph,8/8/4,2,1.0,2.5,full_pool,0.5,24,1152,222.5881537737486,217.08492780119107,228.0913797463061,298.99688343425856,0.9638773388773388,0.7505197505197505,0.8350694444444444,2.6352629956408196,4.4360953731646156,8.501062458019602,9.0,5.100645288794685
elasticity,bursts,evidence_graph,8/8/4,2,1.0,2.5,queue_autoscale,0.5,24,1152,227.190347788875,221.25590615894748,233.1247894188025,294.7292544561571,0.9600052798310454,0.6684266103484688,0.8220486111111112,2.5346878521307734,4.502288324935282,8.280758572083379,9.0,5.174665429454482
elasticity,bursts,evidence_graph,8/8/4,2,1.0,2.5,work_autoscale,0.5,24,1152,190.310959077887,183.09248669174463,197.52943146402936,261.53793122704366,0.9582904222451082,0.8403707518022657,0.8428819444444444,2.636950038910527,5.403466787234318,6.985428153930312,9.0,7.069903663936057
elasticity,bursts_variable_work,evidence_graph,8/8/4,2,1.0,2.5,fixed_small,0.5,24,1152,96.42867551835873,92.06424284548585,100.79310819123161,131.2149404512521,0.9524667405764967,0.7993348115299335,0.7829861111111112,2.864761284285963,10.800439791256844,3.948566563918059,4.0,20.313364678378377
elasticity,bursts_variable_work,evidence_graph,8/8/4,2,1.0,2.5,full_pool,0.5,24,1152,231.64644694766665,223.15787195154732,240.13502194378597,308.9214090842971,0.9481511254019293,0.722400857449089,0.8098958333333334,2.4330101811684735,3.8056405521849497,8.422709071956985,9.0,4.073156219560255
elasticity,bursts_variable_work,evidence_graph,8/8/4,2,1.0,2.5,queue_autoscale,0.5,24,1152,224.33654732050786,212.3553731204208,236.31772152059492,298.6466967324827,0.950682056663169,0.7345225603357818,0.8272569444444444,2.4713027295597385,4.2454339378018044,8.208067885901263,9.0,4.81667614256049
elasticity,bursts_variable_work,evidence_graph,8/8/4,2,1.0,2.5,work_autoscale,0.5,24,1152,183.89788313981623,176.6575892343522,191.13817704528026,253.3798923730482,0.9535788381742739,0.8568464730290456,0.8368055555555556,2.5604387738477903,5.598823821352839,6.82365013819162,9.0,7.4919141562334675
elasticity,dense_bursts,evidence_graph,8/8/4,2,1.0,2.5,fixed_small,0.5,24,1152,23.98955158576248,21.37948701683083,26.599616154694132,46.17093286410799,0.9212707182320442,1.1629834254143647,0.3142361111111111,12.296975562958073,11.783333125203955,3.9042241129222948,4.0,23.957508841617685
elasticity,dense_bursts,evidence_graph,8/8/4,2,1.0,2.5,full_pool,0.5,24,1152,59.842545082129355,55.0697853960534,64.61530476820532,105.30390037309759,0.9424083769633508,0.9267015706806283,0.3315972222222222,9.960369655172427,5.049619593627563,8.288227714800982,9.0,6.613722506179098
elasticity,dense_bursts,evidence_graph,8/8/4,2,1.0,2.5,queue_autoscale,0.5,24,1152,52.39819850118962,47.197554594449294,57.59884240792994,91.62260944424933,0.9400143678160919,0.9885057471264368,0.3020833333333333,10.965390838548203,5.3363406286517225,7.8495752390564775,9.0,7.31972659694721
elasticity,dense_bursts,evidence_graph,8/8/4,2,1.0,2.5,work_autoscale,0.5,24,1152,29.996893785437763,26.091458336658903,33.90232923421662,60.516812276879556,0.9364583333333333,1.3277777777777777,0.3125,11.21045855843251,8.967679210659625,4.9742926572231925,8.0,16.37538159776146
controller_sensitivity,bursts_variable_work,institutions,8/8/4,2,1.0,2.5,work_autoscale,0.1,24,1152,191.86768686615346,182.09003753536024,201.6453361969467,255.6719775206565,0.9488836662749707,0.7144535840188014,0.7387152777777778,2.965056295716783,4.4353506728307295,8.384687235976449,9.0,5.319912013181283
controller_sensitivity,bursts_variable_work,institutions,8/8/4,2,1.0,2.5,work_autoscale,0.25,24,1152,180.43090466586148,173.51070270751515,187.3511066242078,235.88619208234468,0.9565992865636147,0.7669441141498217,0.7300347222222222,3.0093771597127703,4.791023380516398,7.929779576792213,9.0,6.113475939365254
controller_sensitivity,bursts_variable_work,institutions,8/8/4,2,1.0,2.5,work_autoscale,0.5,24,1152,138.25391994235738,131.44246941746113,145.06537046725364,182.60806449390577,0.9522194821208385,0.750924784217016,0.7039930555555556,3.2991971098453803,6.14216784864122,6.569311985569459,9.0,9.31696822412117
controller_sensitivity,bursts_variable_work,institutions,8/8/4,2,1.0,2.5,work_autoscale,1.0,24,1152,95.82075493050985,91.78214297540504,99.85936688561466,133.20644913613327,0.9455918618988902,0.8816276202219482,0.7039930555555556,3.0969392757659895,8.827577259728454,4.6954303195767375,8.0,16.135414068669682
controller_sensitivity,bursts_variable_work,institutions,8/8/4,2,1.0,2.5,full_pool,0.5,24,1152,201.64736098900767,191.5548330019618,211.73988897605352,270.77192377937746,0.9505681818181818,0.7829545454545455,0.7638888888888888,2.908594151850422,4.37254346938834,8.606971226187364,9.0,5.150178001906352
controller_sensitivity,bursts_variable_work,evidence_graph,8/8/4,2,1.0,2.5,work_autoscale,0.1,24,1152,228.20354282125723,219.11253598567777,237.2945496568367,312.28251040804986,0.9549050632911392,0.8786919831223629,0.8229166666666666,2.4682579134199045,3.9801900970168944,8.380473119894639,9.0,4.331555478906595
controller_sensitivity,bursts_variable_work,evidence_graph,8/8/4,2,1.0,2.5,work_autoscale,0.25,24,1152,219.7751204013998,212.16026890143226,227.38997190136732,301.06656417492917,0.9490503080082136,0.7874743326488707,0.8454861111111112,2.397909894514758,4.377928710201779,7.8069923188436015,9.0,4.9443647437863145
controller_sensitivity,bursts_variable_work,evidence_graph,8/8/4,2,1.0,2.5,work_autoscale,0.5,24,1152,179.89356810975676,172.88404373863582,186.9030924808777,250.83308558019198,0.948744769874477,0.8671548117154811,0.8298611111111112,2.5824715001821383,5.49965133607232,6.742698606882258,9.0,7.541964681259605
controller_sensitivity,bursts_variable_work,evidence_graph,8/8/4,2,1.0,2.5,work_autoscale,1.0,24,1152,117.5477161433124,112.72855444885892,122.36687783776588,167.95906152969883,0.948537378114843,0.9458288190682557,0.8012152777777778,2.546714780591517,8.262404436978624,4.768284488779117,8.0,14.183116865600763
controller_sensitivity,bursts_variable_work,evidence_graph,8/8/4,2,1.0,2.5,full_pool,0.5,24,1152,236.19840581255139,225.63302589785573,246.76378572724704,309.61446918044334,0.9550739957716702,0.686046511627907,0.8211805555555556,2.412567688257699,4.03740856014759,8.48496539224405,9.0,4.51468246724876
